alumno,PERIODO,COD CURSO,NOMBRE CURSO,SECCION,SESION-GRUPO,TIPO NOTA,NUM NOTA,PUNTAJE,PROMEDIO FINAL
71,2019 - 1,GH1002,Arte y Tecnología,1,Laboratorio 1.00,EVALUACION CONTINUA 1,1,0,3
71,2019 - 1,GH1002,Arte y Tecnología,1,Laboratorio 1.00,EVALUACION CONTINUA 2,1,5,3
71,2019 - 1,GH1002,Arte y Tecnología,1,Laboratorio 1.00,EVALUACION CONTINUA 3,1,0,3
71,2019 - 1,GH1002,Arte y Tecnología,1,Laboratorio 1.00,PROYECTO FINAL,1,8,3
61,2019 - 1,GH1002,Arte y Tecnología,1,Laboratorio 1.00,EVALUACION CONTINUA 1,1,0,2
61,2019 - 1,GH1002,Arte y Tecnología,1,Laboratorio 1.00,EVALUACION CONTINUA 2,1,0,2
61,2019 - 1,GH1002,Arte y Tecnología,1,Laboratorio 1.00,EVALUACION CONTINUA 3,1,8,2
61,2019 - 1,GH1002,Arte y Tecnología,1,Laboratorio 1.00,PROYECTO FINAL,1,0,2
242,2019 - 1,GH1002,Arte y Tecnología,1,Laboratorio 1.00,EVALUACION CONTINUA 1,1,19,16
242,2019 - 1,GH1002,Arte y Tecnología,1,Laboratorio 1.00,EVALUACION CONTINUA 2,1,14,16
242,2019 - 1,GH1002,Arte y Tecnología,1,Laboratorio 1.00,EVALUACION CONTINUA 3,1,15,16
242,2019 - 1,GH1002,Arte y Tecnología,1,Laboratorio 1.00,PROYECTO FINAL,1,14,16
84,2019 - 1,GH1002,Arte y Tecnología,1,Laboratorio 1.00,EVALUACION CONTINUA 1,1,12,12
84,2019 - 1,GH1002,Arte y Tecnología,1,Laboratorio 1.00,EVALUACION CONTINUA 2,1,14,12
84,2019 - 1,GH1002,Arte y Tecnología,1,Laboratorio 1.00,EVALUACION CONTINUA 3,1,16,12
84,2019 - 1,GH1002,Arte y Tecnología,1,Laboratorio 1.00,PROYECTO FINAL,1,8,12
135,2019 - 1,GH1002,Arte y Tecnología,1,Laboratorio 1.00,EVALUACION CONTINUA 1,1,19,17
135,2019 - 1,GH1002,Arte y Tecnología,1,Laboratorio 1.00,EVALUACION CONTINUA 2,1,14,17
135,2019 - 1,GH1002,Arte y Tecnología,1,Laboratorio 1.00,EVALUACION CONTINUA 3,1,18,17
135,2019 - 1,GH1002,Arte y Tecnología,1,Laboratorio 1.00,PROYECTO FINAL,1,17,17
86,2019 - 1,GH1002,Arte y Tecnología,1,Laboratorio 1.00,EVALUACION CONTINUA 1,1,0,6
86,2019 - 1,GH1002,Arte y Tecnología,1,Laboratorio 1.00,EVALUACION CONTINUA 2,1,0,6
86,2019 - 1,GH1002,Arte y Tecnología,1,Laboratorio 1.00,EVALUACION CONTINUA 3,1,8,6
86,2019 - 1,GH1002,Arte y Tecnología,1,Laboratorio 1.00,PROYECTO FINAL,1,16,6
199,2019 - 1,GH1002,Arte y Tecnología,1,Laboratorio 1.00,EVALUACION CONTINUA 1,1,16,15
199,2019 - 1,GH1002,Arte y Tecnología,1,Laboratorio 1.00,EVALUACION CONTINUA 2,1,18,15
199,2019 - 1,GH1002,Arte y Tecnología,1,Laboratorio 1.00,EVALUACION CONTINUA 3,1,14,15
199,2019 - 1,GH1002,Arte y Tecnología,1,Laboratorio 1.00,PROYECTO FINAL,1,14,15
189,2019 - 1,GH1002,Arte y Tecnología,1,Laboratorio 1.00,EVALUACION CONTINUA 1,1,0,4
189,2019 - 1,GH1002,Arte y Tecnología,1,Laboratorio 1.00,EVALUACION CONTINUA 2,1,14,4
189,2019 - 1,GH1002,Arte y Tecnología,1,Laboratorio 1.00,EVALUACION CONTINUA 3,1,8,4
189,2019 - 1,GH1002,Arte y Tecnología,1,Laboratorio 1.00,PROYECTO FINAL,1,0,4
141,2019 - 1,GH1002,Arte y Tecnología,1,Laboratorio 1.00,EVALUACION CONTINUA 1,1,12,9
141,2019 - 1,GH1002,Arte y Tecnología,1,Laboratorio 1.00,EVALUACION CONTINUA 2,1,11,9
141,2019 - 1,GH1002,Arte y Tecnología,1,Laboratorio 1.00,EVALUACION CONTINUA 3,1,0,9
141,2019 - 1,GH1002,Arte y Tecnología,1,Laboratorio 1.00,PROYECTO FINAL,1,11,9
220,2019 - 1,GH1002,Arte y Tecnología,1,Laboratorio 1.00,EVALUACION CONTINUA 1,1,10,9
220,2019 - 1,GH1002,Arte y Tecnología,1,Laboratorio 1.00,EVALUACION CONTINUA 2,1,10,9
220,2019 - 1,GH1002,Arte y Tecnología,1,Laboratorio 1.00,EVALUACION CONTINUA 3,1,8,9
220,2019 - 1,GH1002,Arte y Tecnología,1,Laboratorio 1.00,PROYECTO FINAL,1,8,9
203,2019 - 1,GH1002,Arte y Tecnología,1,Laboratorio 1.00,EVALUACION CONTINUA 1,1,15,13
203,2019 - 1,GH1002,Arte y Tecnología,1,Laboratorio 1.00,EVALUACION CONTINUA 2,1,16,13
203,2019 - 1,GH1002,Arte y Tecnología,1,Laboratorio 1.00,EVALUACION CONTINUA 3,1,16,13
203,2019 - 1,GH1002,Arte y Tecnología,1,Laboratorio 1.00,PROYECTO FINAL,1,8,13
35,2019 - 1,GH1002,Arte y Tecnología,1,Laboratorio 1.00,EVALUACION CONTINUA 1,1,RET,RET
35,2019 - 1,GH1002,Arte y Tecnología,1,Laboratorio 1.00,EVALUACION CONTINUA 2,1,RET,RET
35,2019 - 1,GH1002,Arte y Tecnología,1,Laboratorio 1.00,EVALUACION CONTINUA 3,1,RET,RET
35,2019 - 1,GH1002,Arte y Tecnología,1,Laboratorio 1.00,PROYECTO FINAL,1,RET,RET
221,2019 - 1,GH1002,Arte y Tecnología,1,Laboratorio 1.00,EVALUACION CONTINUA 1,1,14,15
221,2019 - 1,GH1002,Arte y Tecnología,1,Laboratorio 1.00,EVALUACION CONTINUA 2,1,18,15
221,2019 - 1,GH1002,Arte y Tecnología,1,Laboratorio 1.00,EVALUACION CONTINUA 3,1,15,15
221,2019 - 1,GH1002,Arte y Tecnología,1,Laboratorio 1.00,PROYECTO FINAL,1,14,15
169,2019 - 1,GH1002,Arte y Tecnología,1,Laboratorio 1.00,EVALUACION CONTINUA 1,1,14,11
169,2019 - 1,GH1002,Arte y Tecnología,1,Laboratorio 1.00,EVALUACION CONTINUA 2,1,0,11
169,2019 - 1,GH1002,Arte y Tecnología,1,Laboratorio 1.00,EVALUACION CONTINUA 3,1,12,11
169,2019 - 1,GH1002,Arte y Tecnología,1,Laboratorio 1.00,PROYECTO FINAL,1,15,11
72,2019 - 1,GH1002,Arte y Tecnología,1,Laboratorio 1.00,EVALUACION CONTINUA 1,1,19,19
72,2019 - 1,GH1002,Arte y Tecnología,1,Laboratorio 1.00,EVALUACION CONTINUA 2,1,19,19
72,2019 - 1,GH1002,Arte y Tecnología,1,Laboratorio 1.00,EVALUACION CONTINUA 3,1,20,19
72,2019 - 1,GH1002,Arte y Tecnología,1,Laboratorio 1.00,PROYECTO FINAL,1,17,19
11,2019 - 1,GH1002,Arte y Tecnología,1,Laboratorio 1.00,EVALUACION CONTINUA 1,1,RET,RET
11,2019 - 1,GH1002,Arte y Tecnología,1,Laboratorio 1.00,EVALUACION CONTINUA 2,1,RET,RET
11,2019 - 1,GH1002,Arte y Tecnología,1,Laboratorio 1.00,EVALUACION CONTINUA 3,1,RET,RET
11,2019 - 1,GH1002,Arte y Tecnología,1,Laboratorio 1.00,PROYECTO FINAL,1,RET,RET
209,2019 - 1,GH1002,Arte y Tecnología,1,Laboratorio 1.00,EVALUACION CONTINUA 1,1,0,8
209,2019 - 1,GH1002,Arte y Tecnología,1,Laboratorio 1.00,EVALUACION CONTINUA 2,1,12,8
209,2019 - 1,GH1002,Arte y Tecnología,1,Laboratorio 1.00,EVALUACION CONTINUA 3,1,8,8
209,2019 - 1,GH1002,Arte y Tecnología,1,Laboratorio 1.00,PROYECTO FINAL,1,14,8
226,2019 - 1,GH1002,Arte y Tecnología,1,Laboratorio 1.00,EVALUACION CONTINUA 1,1,0,9
226,2019 - 1,GH1002,Arte y Tecnología,1,Laboratorio 1.00,EVALUACION CONTINUA 2,1,16,9
226,2019 - 1,GH1002,Arte y Tecnología,1,Laboratorio 1.00,EVALUACION CONTINUA 3,1,8,9
226,2019 - 1,GH1002,Arte y Tecnología,1,Laboratorio 1.00,PROYECTO FINAL,1,15,9
41,2019 - 1,GH1002,Arte y Tecnología,1,Laboratorio 1.00,EVALUACION CONTINUA 1,1,19,20
41,2019 - 1,GH1002,Arte y Tecnología,1,Laboratorio 1.00,EVALUACION CONTINUA 2,1,19,20
41,2019 - 1,GH1002,Arte y Tecnología,1,Laboratorio 1.00,EVALUACION CONTINUA 3,1,20,20
41,2019 - 1,GH1002,Arte y Tecnología,1,Laboratorio 1.00,PROYECTO FINAL,1,20,20
198,2019 - 1,GH1002,Arte y Tecnología,1,Laboratorio 1.00,EVALUACION CONTINUA 1,1,11,14
198,2019 - 1,GH1002,Arte y Tecnología,1,Laboratorio 1.00,EVALUACION CONTINUA 2,1,16,14
198,2019 - 1,GH1002,Arte y Tecnología,1,Laboratorio 1.00,EVALUACION CONTINUA 3,1,14,14
198,2019 - 1,GH1002,Arte y Tecnología,1,Laboratorio 1.00,PROYECTO FINAL,1,15,14
20,2019 - 1,GH1002,Arte y Tecnología,1,Laboratorio 1.00,EVALUACION CONTINUA 1,1,16,12
20,2019 - 1,GH1002,Arte y Tecnología,1,Laboratorio 1.00,EVALUACION CONTINUA 2,1,16,12
20,2019 - 1,GH1002,Arte y Tecnología,1,Laboratorio 1.00,EVALUACION CONTINUA 3,1,8,12
20,2019 - 1,GH1002,Arte y Tecnología,1,Laboratorio 1.00,PROYECTO FINAL,1,7,12
81,2019 - 1,GH1002,Arte y Tecnología,1,Laboratorio 1.00,EVALUACION CONTINUA 1,1,14,11
81,2019 - 1,GH1002,Arte y Tecnología,1,Laboratorio 1.00,EVALUACION CONTINUA 2,1,0,11
81,2019 - 1,GH1002,Arte y Tecnología,1,Laboratorio 1.00,EVALUACION CONTINUA 3,1,12,11
81,2019 - 1,GH1002,Arte y Tecnología,1,Laboratorio 1.00,PROYECTO FINAL,1,16,11
69,2019 - 1,GH1002,Arte y Tecnología,1,Laboratorio 1.00,EVALUACION CONTINUA 1,1,0,0
69,2019 - 1,GH1002,Arte y Tecnología,1,Laboratorio 1.00,EVALUACION CONTINUA 2,1,0,0
69,2019 - 1,GH1002,Arte y Tecnología,1,Laboratorio 1.00,EVALUACION CONTINUA 3,1,0,0
69,2019 - 1,GH1002,Arte y Tecnología,1,Laboratorio 1.00,PROYECTO FINAL,1,0,0
100,2019 - 1,GH1002,Arte y Tecnología,1,Laboratorio 1.00,EVALUACION CONTINUA 1,1,18,16
100,2019 - 1,GH1002,Arte y Tecnología,1,Laboratorio 1.00,EVALUACION CONTINUA 2,1,18,16
100,2019 - 1,GH1002,Arte y Tecnología,1,Laboratorio 1.00,EVALUACION CONTINUA 3,1,17,16
100,2019 - 1,GH1002,Arte y Tecnología,1,Laboratorio 1.00,PROYECTO FINAL,1,11,16
65,2019 - 1,GH1002,Arte y Tecnología,1,Laboratorio 1.00,EVALUACION CONTINUA 1,1,14,11
65,2019 - 1,GH1002,Arte y Tecnología,1,Laboratorio 1.00,EVALUACION CONTINUA 2,1,12,11
65,2019 - 1,GH1002,Arte y Tecnología,1,Laboratorio 1.00,EVALUACION CONTINUA 3,1,0,11
65,2019 - 1,GH1002,Arte y Tecnología,1,Laboratorio 1.00,PROYECTO FINAL,1,13,11
233,2019 - 1,GH1002,Arte y Tecnología,1,Laboratorio 1.00,EVALUACION CONTINUA 1,1,0,3
233,2019 - 1,GH1002,Arte y Tecnología,1,Laboratorio 1.00,EVALUACION CONTINUA 2,1,0,3
233,2019 - 1,GH1002,Arte y Tecnología,1,Laboratorio 1.00,EVALUACION CONTINUA 3,1,15,3
233,2019 - 1,GH1002,Arte y Tecnología,1,Laboratorio 1.00,PROYECTO FINAL,1,0,3
234,2019 - 1,GH1002,Arte y Tecnología,1,Laboratorio 1.00,EVALUACION CONTINUA 1,1,18,16
234,2019 - 1,GH1002,Arte y Tecnología,1,Laboratorio 1.00,EVALUACION CONTINUA 2,1,19,16
234,2019 - 1,GH1002,Arte y Tecnología,1,Laboratorio 1.00,EVALUACION CONTINUA 3,1,15,16
234,2019 - 1,GH1002,Arte y Tecnología,1,Laboratorio 1.00,PROYECTO FINAL,1,11,16
241,2019 - 1,GH1002,Arte y Tecnología,1,Laboratorio 1.00,EVALUACION CONTINUA 1,1,0,5
241,2019 - 1,GH1002,Arte y Tecnología,1,Laboratorio 1.00,EVALUACION CONTINUA 2,1,0,5
241,2019 - 1,GH1002,Arte y Tecnología,1,Laboratorio 1.00,EVALUACION CONTINUA 3,1,15,5
241,2019 - 1,GH1002,Arte y Tecnología,1,Laboratorio 1.00,PROYECTO FINAL,1,6,5
28,2019 - 1,GH1002,Arte y Tecnología,1,Laboratorio 1.00,EVALUACION CONTINUA 1,1,18,13
28,2019 - 1,GH1002,Arte y Tecnología,1,Laboratorio 1.00,EVALUACION CONTINUA 2,1,10,13
28,2019 - 1,GH1002,Arte y Tecnología,1,Laboratorio 1.00,EVALUACION CONTINUA 3,1,8,13
28,2019 - 1,GH1002,Arte y Tecnología,1,Laboratorio 1.00,PROYECTO FINAL,1,14,13
235,2019 - 1,GH1002,Arte y Tecnología,1,Laboratorio 1.00,EVALUACION CONTINUA 1,1,12,12
235,2019 - 1,GH1002,Arte y Tecnología,1,Laboratorio 1.00,EVALUACION CONTINUA 2,1,0,12
235,2019 - 1,GH1002,Arte y Tecnología,1,Laboratorio 1.00,EVALUACION CONTINUA 3,1,20,12
235,2019 - 1,GH1002,Arte y Tecnología,1,Laboratorio 1.00,PROYECTO FINAL,1,16,12
55,2019 - 1,GH1002,Arte y Tecnología,1,Laboratorio 1.00,EVALUACION CONTINUA 1,1,RET,RET
55,2019 - 1,GH1002,Arte y Tecnología,1,Laboratorio 1.00,EVALUACION CONTINUA 2,1,RET,RET
55,2019 - 1,GH1002,Arte y Tecnología,1,Laboratorio 1.00,EVALUACION CONTINUA 3,1,RET,RET
55,2019 - 1,GH1002,Arte y Tecnología,1,Laboratorio 1.00,PROYECTO FINAL,1,RET,RET
240,2019 - 1,GH1002,Arte y Tecnología,1,Laboratorio 1.00,EVALUACION CONTINUA 1,1,0,3
240,2019 - 1,GH1002,Arte y Tecnología,1,Laboratorio 1.00,EVALUACION CONTINUA 2,1,0,3
240,2019 - 1,GH1002,Arte y Tecnología,1,Laboratorio 1.00,EVALUACION CONTINUA 3,1,15,3
240,2019 - 1,GH1002,Arte y Tecnología,1,Laboratorio 1.00,PROYECTO FINAL,1,0,3
195,2019 - 1,GH1002,Arte y Tecnología,1,Laboratorio 1.00,EVALUACION CONTINUA 1,1,0,2
195,2019 - 1,GH1002,Arte y Tecnología,1,Laboratorio 1.00,EVALUACION CONTINUA 2,1,0,2
195,2019 - 1,GH1002,Arte y Tecnología,1,Laboratorio 1.00,EVALUACION CONTINUA 3,1,8,2
195,2019 - 1,GH1002,Arte y Tecnología,1,Laboratorio 1.00,PROYECTO FINAL,1,0,2
68,2019 - 1,GH1002,Arte y Tecnología,1,Laboratorio 1.00,EVALUACION CONTINUA 1,1,14,11
68,2019 - 1,GH1002,Arte y Tecnología,1,Laboratorio 1.00,EVALUACION CONTINUA 2,1,14,11
68,2019 - 1,GH1002,Arte y Tecnología,1,Laboratorio 1.00,EVALUACION CONTINUA 3,1,0,11
68,2019 - 1,GH1002,Arte y Tecnología,1,Laboratorio 1.00,PROYECTO FINAL,1,13,11
42,2019 - 1,GH1002,Arte y Tecnología,1,Laboratorio 1.00,EVALUACION CONTINUA 1,1,12,13
42,2019 - 1,GH1002,Arte y Tecnología,1,Laboratorio 1.00,EVALUACION CONTINUA 2,1,18,13
42,2019 - 1,GH1002,Arte y Tecnología,1,Laboratorio 1.00,EVALUACION CONTINUA 3,1,8,13
42,2019 - 1,GH1002,Arte y Tecnología,1,Laboratorio 1.00,PROYECTO FINAL,1,14,13
218,2019 - 1,GH1002,Arte y Tecnología,1,Laboratorio 1.00,EVALUACION CONTINUA 1,1,0,7
218,2019 - 1,GH1002,Arte y Tecnología,1,Laboratorio 1.00,EVALUACION CONTINUA 2,1,15,7
218,2019 - 1,GH1002,Arte y Tecnología,1,Laboratorio 1.00,EVALUACION CONTINUA 3,1,10,7
218,2019 - 1,GH1002,Arte y Tecnología,1,Laboratorio 1.00,PROYECTO FINAL,1,7,7
57,2019 - 1,GH1002,Arte y Tecnología,1,Laboratorio 1.00,EVALUACION CONTINUA 1,1,0,0
57,2019 - 1,GH1002,Arte y Tecnología,1,Laboratorio 1.00,EVALUACION CONTINUA 2,1,0,0
57,2019 - 1,GH1002,Arte y Tecnología,1,Laboratorio 1.00,EVALUACION CONTINUA 3,1,0,0
57,2019 - 1,GH1002,Arte y Tecnología,1,Laboratorio 1.00,PROYECTO FINAL,1,0,0
51,2019 - 1,GH1002,Arte y Tecnología,2,Laboratorio 2.00,EVALUACION CONTINUA 1,1,0,0
51,2019 - 1,GH1002,Arte y Tecnología,2,Laboratorio 2.00,EVALUACION CONTINUA 2,1,0,0
51,2019 - 1,GH1002,Arte y Tecnología,2,Laboratorio 2.00,EVALUACION CONTINUA 3,1,0,0
51,2019 - 1,GH1002,Arte y Tecnología,2,Laboratorio 2.00,PROYECTO FINAL,1,0,0
161,2019 - 1,GH1002,Arte y Tecnología,2,Laboratorio 2.00,EVALUACION CONTINUA 1,1,19,14
161,2019 - 1,GH1002,Arte y Tecnología,2,Laboratorio 2.00,EVALUACION CONTINUA 2,1,5,14
161,2019 - 1,GH1002,Arte y Tecnología,2,Laboratorio 2.00,EVALUACION CONTINUA 3,1,15,14
161,2019 - 1,GH1002,Arte y Tecnología,2,Laboratorio 2.00,PROYECTO FINAL,1,15,14
79,2019 - 1,GH1002,Arte y Tecnología,2,Laboratorio 2.00,EVALUACION CONTINUA 1,1,18,14
79,2019 - 1,GH1002,Arte y Tecnología,2,Laboratorio 2.00,EVALUACION CONTINUA 2,1,12,14
79,2019 - 1,GH1002,Arte y Tecnología,2,Laboratorio 2.00,EVALUACION CONTINUA 3,1,11,14
79,2019 - 1,GH1002,Arte y Tecnología,2,Laboratorio 2.00,PROYECTO FINAL,1,13,14
21,2019 - 1,GH1002,Arte y Tecnología,2,Laboratorio 2.00,EVALUACION CONTINUA 1,1,0,0
21,2019 - 1,GH1002,Arte y Tecnología,2,Laboratorio 2.00,EVALUACION CONTINUA 2,1,0,0
21,2019 - 1,GH1002,Arte y Tecnología,2,Laboratorio 2.00,EVALUACION CONTINUA 3,1,0,0
21,2019 - 1,GH1002,Arte y Tecnología,2,Laboratorio 2.00,PROYECTO FINAL,1,0,0
219,2019 - 1,GH1002,Arte y Tecnología,2,Laboratorio 2.00,EVALUACION CONTINUA 1,1,15,14
219,2019 - 1,GH1002,Arte y Tecnología,2,Laboratorio 2.00,EVALUACION CONTINUA 2,1,10,14
219,2019 - 1,GH1002,Arte y Tecnología,2,Laboratorio 2.00,EVALUACION CONTINUA 3,1,12,14
219,2019 - 1,GH1002,Arte y Tecnología,2,Laboratorio 2.00,PROYECTO FINAL,1,18,14
163,2019 - 1,GH1002,Arte y Tecnología,2,Laboratorio 2.00,EVALUACION CONTINUA 1,1,20,18
163,2019 - 1,GH1002,Arte y Tecnología,2,Laboratorio 2.00,EVALUACION CONTINUA 2,1,20,18
163,2019 - 1,GH1002,Arte y Tecnología,2,Laboratorio 2.00,EVALUACION CONTINUA 3,1,11,18
163,2019 - 1,GH1002,Arte y Tecnología,2,Laboratorio 2.00,PROYECTO FINAL,1,18,18
164,2019 - 1,GH1002,Arte y Tecnología,2,Laboratorio 2.00,EVALUACION CONTINUA 1,1,20,19
164,2019 - 1,GH1002,Arte y Tecnología,2,Laboratorio 2.00,EVALUACION CONTINUA 2,1,18,19
164,2019 - 1,GH1002,Arte y Tecnología,2,Laboratorio 2.00,EVALUACION CONTINUA 3,1,20,19
164,2019 - 1,GH1002,Arte y Tecnología,2,Laboratorio 2.00,PROYECTO FINAL,1,17,19
80,2019 - 1,GH1002,Arte y Tecnología,2,Laboratorio 2.00,EVALUACION CONTINUA 1,1,18,14
80,2019 - 1,GH1002,Arte y Tecnología,2,Laboratorio 2.00,EVALUACION CONTINUA 2,1,8,14
80,2019 - 1,GH1002,Arte y Tecnología,2,Laboratorio 2.00,EVALUACION CONTINUA 3,1,15,14
80,2019 - 1,GH1002,Arte y Tecnología,2,Laboratorio 2.00,PROYECTO FINAL,1,12,14
125,2019 - 1,GH1002,Arte y Tecnología,2,Laboratorio 2.00,EVALUACION CONTINUA 1,1,6,11
125,2019 - 1,GH1002,Arte y Tecnología,2,Laboratorio 2.00,EVALUACION CONTINUA 2,1,8,11
125,2019 - 1,GH1002,Arte y Tecnología,2,Laboratorio 2.00,EVALUACION CONTINUA 3,1,12,11
125,2019 - 1,GH1002,Arte y Tecnología,2,Laboratorio 2.00,PROYECTO FINAL,1,18,11
137,2019 - 1,GH1002,Arte y Tecnología,2,Laboratorio 2.00,EVALUACION CONTINUA 1,1,20,17
137,2019 - 1,GH1002,Arte y Tecnología,2,Laboratorio 2.00,EVALUACION CONTINUA 2,1,17,17
137,2019 - 1,GH1002,Arte y Tecnología,2,Laboratorio 2.00,EVALUACION CONTINUA 3,1,13,17
137,2019 - 1,GH1002,Arte y Tecnología,2,Laboratorio 2.00,PROYECTO FINAL,1,18,17
143,2019 - 1,GH1002,Arte y Tecnología,2,Laboratorio 2.00,EVALUACION CONTINUA 1,1,20,18
143,2019 - 1,GH1002,Arte y Tecnología,2,Laboratorio 2.00,EVALUACION CONTINUA 2,1,15,18
143,2019 - 1,GH1002,Arte y Tecnología,2,Laboratorio 2.00,EVALUACION CONTINUA 3,1,20,18
143,2019 - 1,GH1002,Arte y Tecnología,2,Laboratorio 2.00,PROYECTO FINAL,1,18,18
170,2019 - 1,GH1002,Arte y Tecnología,2,Laboratorio 2.00,EVALUACION CONTINUA 1,1,13,12
170,2019 - 1,GH1002,Arte y Tecnología,2,Laboratorio 2.00,EVALUACION CONTINUA 2,1,8,12
170,2019 - 1,GH1002,Arte y Tecnología,2,Laboratorio 2.00,EVALUACION CONTINUA 3,1,12,12
170,2019 - 1,GH1002,Arte y Tecnología,2,Laboratorio 2.00,PROYECTO FINAL,1,13,12
225,2019 - 1,GH1002,Arte y Tecnología,2,Laboratorio 2.00,EVALUACION CONTINUA 1,1,6,9
225,2019 - 1,GH1002,Arte y Tecnología,2,Laboratorio 2.00,EVALUACION CONTINUA 2,1,13,9
225,2019 - 1,GH1002,Arte y Tecnología,2,Laboratorio 2.00,EVALUACION CONTINUA 3,1,5,9
225,2019 - 1,GH1002,Arte y Tecnología,2,Laboratorio 2.00,PROYECTO FINAL,1,12,9
159,2019 - 1,GH1002,Arte y Tecnología,2,Laboratorio 2.00,EVALUACION CONTINUA 1,1,13,13
159,2019 - 1,GH1002,Arte y Tecnología,2,Laboratorio 2.00,EVALUACION CONTINUA 2,1,20,13
159,2019 - 1,GH1002,Arte y Tecnología,2,Laboratorio 2.00,EVALUACION CONTINUA 3,1,0,13
159,2019 - 1,GH1002,Arte y Tecnología,2,Laboratorio 2.00,PROYECTO FINAL,1,18,13
185,2019 - 1,GH1002,Arte y Tecnología,2,Laboratorio 2.00,EVALUACION CONTINUA 1,1,12,12
185,2019 - 1,GH1002,Arte y Tecnología,2,Laboratorio 2.00,EVALUACION CONTINUA 2,1,8,12
185,2019 - 1,GH1002,Arte y Tecnología,2,Laboratorio 2.00,EVALUACION CONTINUA 3,1,13,12
185,2019 - 1,GH1002,Arte y Tecnología,2,Laboratorio 2.00,PROYECTO FINAL,1,14,12
171,2019 - 1,GH1002,Arte y Tecnología,2,Laboratorio 2.00,EVALUACION CONTINUA 1,1,20,18
171,2019 - 1,GH1002,Arte y Tecnología,2,Laboratorio 2.00,EVALUACION CONTINUA 2,1,20,18
171,2019 - 1,GH1002,Arte y Tecnología,2,Laboratorio 2.00,EVALUACION CONTINUA 3,1,13,18
171,2019 - 1,GH1002,Arte y Tecnología,2,Laboratorio 2.00,PROYECTO FINAL,1,17,18
73,2019 - 1,GH1002,Arte y Tecnología,2,Laboratorio 2.00,EVALUACION CONTINUA 1,1,20,8
73,2019 - 1,GH1002,Arte y Tecnología,2,Laboratorio 2.00,EVALUACION CONTINUA 2,1,10,8
73,2019 - 1,GH1002,Arte y Tecnología,2,Laboratorio 2.00,EVALUACION CONTINUA 3,1,0,8
73,2019 - 1,GH1002,Arte y Tecnología,2,Laboratorio 2.00,PROYECTO FINAL,1,0,8
60,2019 - 1,GH1002,Arte y Tecnología,2,Laboratorio 2.00,EVALUACION CONTINUA 1,1,0,0
60,2019 - 1,GH1002,Arte y Tecnología,2,Laboratorio 2.00,EVALUACION CONTINUA 2,1,0,0
60,2019 - 1,GH1002,Arte y Tecnología,2,Laboratorio 2.00,EVALUACION CONTINUA 3,1,0,0
60,2019 - 1,GH1002,Arte y Tecnología,2,Laboratorio 2.00,PROYECTO FINAL,1,0,0
145,2019 - 1,GH1002,Arte y Tecnología,2,Laboratorio 2.00,EVALUACION CONTINUA 1,1,20,18
145,2019 - 1,GH1002,Arte y Tecnología,2,Laboratorio 2.00,EVALUACION CONTINUA 2,1,15,18
145,2019 - 1,GH1002,Arte y Tecnología,2,Laboratorio 2.00,EVALUACION CONTINUA 3,1,14,18
145,2019 - 1,GH1002,Arte y Tecnología,2,Laboratorio 2.00,PROYECTO FINAL,1,19,18
190,2019 - 1,GH1002,Arte y Tecnología,2,Laboratorio 2.00,EVALUACION CONTINUA 1,1,18,13
190,2019 - 1,GH1002,Arte y Tecnología,2,Laboratorio 2.00,EVALUACION CONTINUA 2,1,9,13
190,2019 - 1,GH1002,Arte y Tecnología,2,Laboratorio 2.00,EVALUACION CONTINUA 3,1,7,13
190,2019 - 1,GH1002,Arte y Tecnología,2,Laboratorio 2.00,PROYECTO FINAL,1,15,13
227,2019 - 1,GH1002,Arte y Tecnología,2,Laboratorio 2.00,EVALUACION CONTINUA 1,1,7,9
227,2019 - 1,GH1002,Arte y Tecnología,2,Laboratorio 2.00,EVALUACION CONTINUA 2,1,10,9
227,2019 - 1,GH1002,Arte y Tecnología,2,Laboratorio 2.00,EVALUACION CONTINUA 3,1,5,9
227,2019 - 1,GH1002,Arte y Tecnología,2,Laboratorio 2.00,PROYECTO FINAL,1,12,9
173,2019 - 1,GH1002,Arte y Tecnología,2,Laboratorio 2.00,EVALUACION CONTINUA 1,1,20,13
173,2019 - 1,GH1002,Arte y Tecnología,2,Laboratorio 2.00,EVALUACION CONTINUA 2,1,8,13
173,2019 - 1,GH1002,Arte y Tecnología,2,Laboratorio 2.00,EVALUACION CONTINUA 3,1,8,13
173,2019 - 1,GH1002,Arte y Tecnología,2,Laboratorio 2.00,PROYECTO FINAL,1,12,13
96,2019 - 1,GH1002,Arte y Tecnología,2,Laboratorio 2.00,EVALUACION CONTINUA 1,1,12,13
96,2019 - 1,GH1002,Arte y Tecnología,2,Laboratorio 2.00,EVALUACION CONTINUA 2,1,10,13
96,2019 - 1,GH1002,Arte y Tecnología,2,Laboratorio 2.00,EVALUACION CONTINUA 3,1,15,13
96,2019 - 1,GH1002,Arte y Tecnología,2,Laboratorio 2.00,PROYECTO FINAL,1,14,13
37,2019 - 1,GH1002,Arte y Tecnología,2,Laboratorio 2.00,EVALUACION CONTINUA 1,1,8,13
37,2019 - 1,GH1002,Arte y Tecnología,2,Laboratorio 2.00,EVALUACION CONTINUA 2,1,18,13
37,2019 - 1,GH1002,Arte y Tecnología,2,Laboratorio 2.00,EVALUACION CONTINUA 3,1,14,13
37,2019 - 1,GH1002,Arte y Tecnología,2,Laboratorio 2.00,PROYECTO FINAL,1,13,13
13,2019 - 1,GH1002,Arte y Tecnología,2,Laboratorio 2.00,EVALUACION CONTINUA 1,1,6,13
13,2019 - 1,GH1002,Arte y Tecnología,2,Laboratorio 2.00,EVALUACION CONTINUA 2,1,18,13
13,2019 - 1,GH1002,Arte y Tecnología,2,Laboratorio 2.00,EVALUACION CONTINUA 3,1,13,13
13,2019 - 1,GH1002,Arte y Tecnología,2,Laboratorio 2.00,PROYECTO FINAL,1,18,13
128,2019 - 1,GH1002,Arte y Tecnología,2,Laboratorio 2.00,EVALUACION CONTINUA 1,1,19,15
128,2019 - 1,GH1002,Arte y Tecnología,2,Laboratorio 2.00,EVALUACION CONTINUA 2,1,10,15
128,2019 - 1,GH1002,Arte y Tecnología,2,Laboratorio 2.00,EVALUACION CONTINUA 3,1,13,15
128,2019 - 1,GH1002,Arte y Tecnología,2,Laboratorio 2.00,PROYECTO FINAL,1,16,15
99,2019 - 1,GH1002,Arte y Tecnología,2,Laboratorio 2.00,EVALUACION CONTINUA 1,1,12,14
99,2019 - 1,GH1002,Arte y Tecnología,2,Laboratorio 2.00,EVALUACION CONTINUA 2,1,8,14
99,2019 - 1,GH1002,Arte y Tecnología,2,Laboratorio 2.00,EVALUACION CONTINUA 3,1,19,14
99,2019 - 1,GH1002,Arte y Tecnología,2,Laboratorio 2.00,PROYECTO FINAL,1,15,14
228,2019 - 1,GH1002,Arte y Tecnología,2,Laboratorio 2.00,EVALUACION CONTINUA 1,1,8,9
228,2019 - 1,GH1002,Arte y Tecnología,2,Laboratorio 2.00,EVALUACION CONTINUA 2,1,9,9
228,2019 - 1,GH1002,Arte y Tecnología,2,Laboratorio 2.00,EVALUACION CONTINUA 3,1,6,9
228,2019 - 1,GH1002,Arte y Tecnología,2,Laboratorio 2.00,PROYECTO FINAL,1,13,9
64,2019 - 1,GH1002,Arte y Tecnología,2,Laboratorio 2.00,EVALUACION CONTINUA 1,1,20,13
64,2019 - 1,GH1002,Arte y Tecnología,2,Laboratorio 2.00,EVALUACION CONTINUA 2,1,12,13
64,2019 - 1,GH1002,Arte y Tecnología,2,Laboratorio 2.00,EVALUACION CONTINUA 3,1,5,13
64,2019 - 1,GH1002,Arte y Tecnología,2,Laboratorio 2.00,PROYECTO FINAL,1,12,13
12,2019 - 1,GH1002,Arte y Tecnología,2,Laboratorio 2.00,EVALUACION CONTINUA 1,1,17,11
12,2019 - 1,GH1002,Arte y Tecnología,2,Laboratorio 2.00,EVALUACION CONTINUA 2,1,16,11
12,2019 - 1,GH1002,Arte y Tecnología,2,Laboratorio 2.00,EVALUACION CONTINUA 3,1,5,11
12,2019 - 1,GH1002,Arte y Tecnología,2,Laboratorio 2.00,PROYECTO FINAL,1,7,11
149,2019 - 1,GH1002,Arte y Tecnología,2,Laboratorio 2.00,EVALUACION CONTINUA 1,1,12,8
149,2019 - 1,GH1002,Arte y Tecnología,2,Laboratorio 2.00,EVALUACION CONTINUA 2,1,10,8
149,2019 - 1,GH1002,Arte y Tecnología,2,Laboratorio 2.00,EVALUACION CONTINUA 3,1,5,8
149,2019 - 1,GH1002,Arte y Tecnología,2,Laboratorio 2.00,PROYECTO FINAL,1,3,8
150,2019 - 1,GH1002,Arte y Tecnología,2,Laboratorio 2.00,EVALUACION CONTINUA 1,1,0,1
150,2019 - 1,GH1002,Arte y Tecnología,2,Laboratorio 2.00,EVALUACION CONTINUA 2,1,0,1
150,2019 - 1,GH1002,Arte y Tecnología,2,Laboratorio 2.00,EVALUACION CONTINUA 3,1,0,1
150,2019 - 1,GH1002,Arte y Tecnología,2,Laboratorio 2.00,PROYECTO FINAL,1,4,1
32,2019 - 1,GH1002,Arte y Tecnología,2,Laboratorio 2.00,EVALUACION CONTINUA 1,1,15,16
32,2019 - 1,GH1002,Arte y Tecnología,2,Laboratorio 2.00,EVALUACION CONTINUA 2,1,10,16
32,2019 - 1,GH1002,Arte y Tecnología,2,Laboratorio 2.00,EVALUACION CONTINUA 3,1,20,16
32,2019 - 1,GH1002,Arte y Tecnología,2,Laboratorio 2.00,PROYECTO FINAL,1,19,16
101,2019 - 1,GH1002,Arte y Tecnología,2,Laboratorio 2.00,EVALUACION CONTINUA 1,1,20,15
101,2019 - 1,GH1002,Arte y Tecnología,2,Laboratorio 2.00,EVALUACION CONTINUA 2,1,10,15
101,2019 - 1,GH1002,Arte y Tecnología,2,Laboratorio 2.00,EVALUACION CONTINUA 3,1,19,15
101,2019 - 1,GH1002,Arte y Tecnología,2,Laboratorio 2.00,PROYECTO FINAL,1,11,15
103,2019 - 1,GH1002,Arte y Tecnología,2,Laboratorio 2.00,EVALUACION CONTINUA 1,1,19,19
103,2019 - 1,GH1002,Arte y Tecnología,2,Laboratorio 2.00,EVALUACION CONTINUA 2,1,18,19
103,2019 - 1,GH1002,Arte y Tecnología,2,Laboratorio 2.00,EVALUACION CONTINUA 3,1,20,19
103,2019 - 1,GH1002,Arte y Tecnología,2,Laboratorio 2.00,PROYECTO FINAL,1,18,19
139,2019 - 1,GH1002,Arte y Tecnología,2,Laboratorio 2.00,EVALUACION CONTINUA 1,1,20,17
139,2019 - 1,GH1002,Arte y Tecnología,2,Laboratorio 2.00,EVALUACION CONTINUA 2,1,10,17
139,2019 - 1,GH1002,Arte y Tecnología,2,Laboratorio 2.00,EVALUACION CONTINUA 3,1,20,17
139,2019 - 1,GH1002,Arte y Tecnología,2,Laboratorio 2.00,PROYECTO FINAL,1,18,17
66,2019 - 1,GH1002,Arte y Tecnología,2,Laboratorio 2.00,EVALUACION CONTINUA 1,1,0,0
66,2019 - 1,GH1002,Arte y Tecnología,2,Laboratorio 2.00,EVALUACION CONTINUA 2,1,0,0
66,2019 - 1,GH1002,Arte y Tecnología,2,Laboratorio 2.00,EVALUACION CONTINUA 3,1,0,0
66,2019 - 1,GH1002,Arte y Tecnología,2,Laboratorio 2.00,PROYECTO FINAL,1,0,0
152,2019 - 1,GH1002,Arte y Tecnología,2,Laboratorio 2.00,EVALUACION CONTINUA 1,1,16,15
152,2019 - 1,GH1002,Arte y Tecnología,2,Laboratorio 2.00,EVALUACION CONTINUA 2,1,16,15
152,2019 - 1,GH1002,Arte y Tecnología,2,Laboratorio 2.00,EVALUACION CONTINUA 3,1,11,15
152,2019 - 1,GH1002,Arte y Tecnología,2,Laboratorio 2.00,PROYECTO FINAL,1,15,15
153,2019 - 1,GH1002,Arte y Tecnología,2,Laboratorio 2.00,EVALUACION CONTINUA 1,1,RET,RET
153,2019 - 1,GH1002,Arte y Tecnología,2,Laboratorio 2.00,EVALUACION CONTINUA 2,1,RET,RET
153,2019 - 1,GH1002,Arte y Tecnología,2,Laboratorio 2.00,EVALUACION CONTINUA 3,1,RET,RET
153,2019 - 1,GH1002,Arte y Tecnología,2,Laboratorio 2.00,PROYECTO FINAL,1,RET,RET
243,2019 - 1,GH1002,Arte y Tecnología,2,Laboratorio 2.00,EVALUACION CONTINUA 1,1,1,0
243,2019 - 1,GH1002,Arte y Tecnología,2,Laboratorio 2.00,EVALUACION CONTINUA 2,1,0,0
243,2019 - 1,GH1002,Arte y Tecnología,2,Laboratorio 2.00,EVALUACION CONTINUA 3,1,0,0
243,2019 - 1,GH1002,Arte y Tecnología,2,Laboratorio 2.00,PROYECTO FINAL,1,0,0
76,2019 - 1,GH1002,Arte y Tecnología,2,Laboratorio 2.00,EVALUACION CONTINUA 1,1,12,15
76,2019 - 1,GH1002,Arte y Tecnología,2,Laboratorio 2.00,EVALUACION CONTINUA 2,1,9,15
76,2019 - 1,GH1002,Arte y Tecnología,2,Laboratorio 2.00,EVALUACION CONTINUA 3,1,20,15
76,2019 - 1,GH1002,Arte y Tecnología,2,Laboratorio 2.00,PROYECTO FINAL,1,18,15
157,2019 - 1,GH1002,Arte y Tecnología,2,Laboratorio 2.00,EVALUACION CONTINUA 1,1,18,7
157,2019 - 1,GH1002,Arte y Tecnología,2,Laboratorio 2.00,EVALUACION CONTINUA 2,1,0,7
157,2019 - 1,GH1002,Arte y Tecnología,2,Laboratorio 2.00,EVALUACION CONTINUA 3,1,5,7
157,2019 - 1,GH1002,Arte y Tecnología,2,Laboratorio 2.00,PROYECTO FINAL,1,3,7
183,2019 - 1,GH1002,Arte y Tecnología,2,Laboratorio 2.00,EVALUACION CONTINUA 1,1,0,0
183,2019 - 1,GH1002,Arte y Tecnología,2,Laboratorio 2.00,EVALUACION CONTINUA 2,1,0,0
183,2019 - 1,GH1002,Arte y Tecnología,2,Laboratorio 2.00,EVALUACION CONTINUA 3,1,0,0
183,2019 - 1,GH1002,Arte y Tecnología,2,Laboratorio 2.00,PROYECTO FINAL,1,0,0
160,2019 - 1,GH1002,Arte y Tecnología,3,Laboratorio 3.00,EVALUACION CONTINUA 1,1,20,18
160,2019 - 1,GH1002,Arte y Tecnología,3,Laboratorio 3.00,EVALUACION CONTINUA 2,1,18,18
160,2019 - 1,GH1002,Arte y Tecnología,3,Laboratorio 3.00,EVALUACION CONTINUA 3,1,16,18
160,2019 - 1,GH1002,Arte y Tecnología,3,Laboratorio 3.00,PROYECTO FINAL,1,18,18
184,2019 - 1,GH1002,Arte y Tecnología,3,Laboratorio 3.00,EVALUACION CONTINUA 1,1,10,15
184,2019 - 1,GH1002,Arte y Tecnología,3,Laboratorio 3.00,EVALUACION CONTINUA 2,1,17,15
184,2019 - 1,GH1002,Arte y Tecnología,3,Laboratorio 3.00,EVALUACION CONTINUA 3,1,17,15
184,2019 - 1,GH1002,Arte y Tecnología,3,Laboratorio 3.00,PROYECTO FINAL,1,16,15
162,2019 - 1,GH1002,Arte y Tecnología,3,Laboratorio 3.00,EVALUACION CONTINUA 1,1,15,17
162,2019 - 1,GH1002,Arte y Tecnología,3,Laboratorio 3.00,EVALUACION CONTINUA 2,1,20,17
162,2019 - 1,GH1002,Arte y Tecnología,3,Laboratorio 3.00,EVALUACION CONTINUA 3,1,15,17
162,2019 - 1,GH1002,Arte y Tecnología,3,Laboratorio 3.00,PROYECTO FINAL,1,18,17
58,2019 - 1,GH1002,Arte y Tecnología,3,Laboratorio 3.00,EVALUACION CONTINUA 1,1,18,16
58,2019 - 1,GH1002,Arte y Tecnología,3,Laboratorio 3.00,EVALUACION CONTINUA 2,1,15,16
58,2019 - 1,GH1002,Arte y Tecnología,3,Laboratorio 3.00,EVALUACION CONTINUA 3,1,16,16
58,2019 - 1,GH1002,Arte y Tecnología,3,Laboratorio 3.00,PROYECTO FINAL,1,13,16
23,2019 - 1,GH1002,Arte y Tecnología,3,Laboratorio 3.00,EVALUACION CONTINUA 1,1,20,19
23,2019 - 1,GH1002,Arte y Tecnología,3,Laboratorio 3.00,EVALUACION CONTINUA 2,1,20,19
23,2019 - 1,GH1002,Arte y Tecnología,3,Laboratorio 3.00,EVALUACION CONTINUA 3,1,17,19
23,2019 - 1,GH1002,Arte y Tecnología,3,Laboratorio 3.00,PROYECTO FINAL,1,18,19
200,2019 - 1,GH1002,Arte y Tecnología,3,Laboratorio 3.00,EVALUACION CONTINUA 1,1,20,18
200,2019 - 1,GH1002,Arte y Tecnología,3,Laboratorio 3.00,EVALUACION CONTINUA 2,1,17,18
200,2019 - 1,GH1002,Arte y Tecnología,3,Laboratorio 3.00,EVALUACION CONTINUA 3,1,16,18
200,2019 - 1,GH1002,Arte y Tecnología,3,Laboratorio 3.00,PROYECTO FINAL,1,18,18
31,2019 - 1,GH1002,Arte y Tecnología,3,Laboratorio 3.00,EVALUACION CONTINUA 1,1,18,15
31,2019 - 1,GH1002,Arte y Tecnología,3,Laboratorio 3.00,EVALUACION CONTINUA 2,1,14,15
31,2019 - 1,GH1002,Arte y Tecnología,3,Laboratorio 3.00,EVALUACION CONTINUA 3,1,15,15
31,2019 - 1,GH1002,Arte y Tecnología,3,Laboratorio 3.00,PROYECTO FINAL,1,13,15
168,2019 - 1,GH1002,Arte y Tecnología,3,Laboratorio 3.00,EVALUACION CONTINUA 1,1,10,14
168,2019 - 1,GH1002,Arte y Tecnología,3,Laboratorio 3.00,EVALUACION CONTINUA 2,1,20,14
168,2019 - 1,GH1002,Arte y Tecnología,3,Laboratorio 3.00,EVALUACION CONTINUA 3,1,15,14
168,2019 - 1,GH1002,Arte y Tecnología,3,Laboratorio 3.00,PROYECTO FINAL,1,14,14
7,2019 - 1,GH1002,Arte y Tecnología,3,Laboratorio 3.00,EVALUACION CONTINUA 1,1,20,19
7,2019 - 1,GH1002,Arte y Tecnología,3,Laboratorio 3.00,EVALUACION CONTINUA 2,1,20,19
7,2019 - 1,GH1002,Arte y Tecnología,3,Laboratorio 3.00,EVALUACION CONTINUA 3,1,17,19
7,2019 - 1,GH1002,Arte y Tecnología,3,Laboratorio 3.00,PROYECTO FINAL,1,18,19
116,2019 - 1,GH1002,Arte y Tecnología,3,Laboratorio 3.00,EVALUACION CONTINUA 1,1,20,17
116,2019 - 1,GH1002,Arte y Tecnología,3,Laboratorio 3.00,EVALUACION CONTINUA 2,1,18,17
116,2019 - 1,GH1002,Arte y Tecnología,3,Laboratorio 3.00,EVALUACION CONTINUA 3,1,14,17
116,2019 - 1,GH1002,Arte y Tecnología,3,Laboratorio 3.00,PROYECTO FINAL,1,16,17
222,2019 - 1,GH1002,Arte y Tecnología,3,Laboratorio 3.00,EVALUACION CONTINUA 1,1,18,17
222,2019 - 1,GH1002,Arte y Tecnología,3,Laboratorio 3.00,EVALUACION CONTINUA 2,1,18,17
222,2019 - 1,GH1002,Arte y Tecnología,3,Laboratorio 3.00,EVALUACION CONTINUA 3,1,15,17
222,2019 - 1,GH1002,Arte y Tecnología,3,Laboratorio 3.00,PROYECTO FINAL,1,17,17
110,2019 - 1,GH1002,Arte y Tecnología,3,Laboratorio 3.00,EVALUACION CONTINUA 1,1,20,19
110,2019 - 1,GH1002,Arte y Tecnología,3,Laboratorio 3.00,EVALUACION CONTINUA 2,1,20,19
110,2019 - 1,GH1002,Arte y Tecnología,3,Laboratorio 3.00,EVALUACION CONTINUA 3,1,17,19
110,2019 - 1,GH1002,Arte y Tecnología,3,Laboratorio 3.00,PROYECTO FINAL,1,20,19
40,2019 - 1,GH1002,Arte y Tecnología,3,Laboratorio 3.00,EVALUACION CONTINUA 1,1,18,18
40,2019 - 1,GH1002,Arte y Tecnología,3,Laboratorio 3.00,EVALUACION CONTINUA 2,1,20,18
40,2019 - 1,GH1002,Arte y Tecnología,3,Laboratorio 3.00,EVALUACION CONTINUA 3,1,17,18
40,2019 - 1,GH1002,Arte y Tecnología,3,Laboratorio 3.00,PROYECTO FINAL,1,18,18
24,2019 - 1,GH1002,Arte y Tecnología,3,Laboratorio 3.00,EVALUACION CONTINUA 1,1,15,17
24,2019 - 1,GH1002,Arte y Tecnología,3,Laboratorio 3.00,EVALUACION CONTINUA 2,1,17,17
24,2019 - 1,GH1002,Arte y Tecnología,3,Laboratorio 3.00,EVALUACION CONTINUA 3,1,16,17
24,2019 - 1,GH1002,Arte y Tecnología,3,Laboratorio 3.00,PROYECTO FINAL,1,18,17
19,2019 - 1,GH1002,Arte y Tecnología,3,Laboratorio 3.00,EVALUACION CONTINUA 1,1,20,18
19,2019 - 1,GH1002,Arte y Tecnología,3,Laboratorio 3.00,EVALUACION CONTINUA 2,1,20,18
19,2019 - 1,GH1002,Arte y Tecnología,3,Laboratorio 3.00,EVALUACION CONTINUA 3,1,17,18
19,2019 - 1,GH1002,Arte y Tecnología,3,Laboratorio 3.00,PROYECTO FINAL,1,16,18
90,2019 - 1,GH1002,Arte y Tecnología,3,Laboratorio 3.00,EVALUACION CONTINUA 1,1,20,17
90,2019 - 1,GH1002,Arte y Tecnología,3,Laboratorio 3.00,EVALUACION CONTINUA 2,1,16,17
90,2019 - 1,GH1002,Arte y Tecnología,3,Laboratorio 3.00,EVALUACION CONTINUA 3,1,16,17
90,2019 - 1,GH1002,Arte y Tecnología,3,Laboratorio 3.00,PROYECTO FINAL,1,15,17
126,2019 - 1,GH1002,Arte y Tecnología,3,Laboratorio 3.00,EVALUACION CONTINUA 1,1,0,11
126,2019 - 1,GH1002,Arte y Tecnología,3,Laboratorio 3.00,EVALUACION CONTINUA 2,1,18,11
126,2019 - 1,GH1002,Arte y Tecnología,3,Laboratorio 3.00,EVALUACION CONTINUA 3,1,15,11
126,2019 - 1,GH1002,Arte y Tecnología,3,Laboratorio 3.00,PROYECTO FINAL,1,14,11
121,2019 - 1,GH1002,Arte y Tecnología,3,Laboratorio 3.00,EVALUACION CONTINUA 1,1,5,2
121,2019 - 1,GH1002,Arte y Tecnología,3,Laboratorio 3.00,EVALUACION CONTINUA 2,1,0,2
121,2019 - 1,GH1002,Arte y Tecnología,3,Laboratorio 3.00,EVALUACION CONTINUA 3,1,NP,2
121,2019 - 1,GH1002,Arte y Tecnología,3,Laboratorio 3.00,PROYECTO FINAL,1,NP,2
207,2019 - 1,GH1002,Arte y Tecnología,3,Laboratorio 3.00,EVALUACION CONTINUA 1,1,20,19
207,2019 - 1,GH1002,Arte y Tecnología,3,Laboratorio 3.00,EVALUACION CONTINUA 2,1,20,19
207,2019 - 1,GH1002,Arte y Tecnología,3,Laboratorio 3.00,EVALUACION CONTINUA 3,1,16,19
207,2019 - 1,GH1002,Arte y Tecnología,3,Laboratorio 3.00,PROYECTO FINAL,1,18,19
91,2019 - 1,GH1002,Arte y Tecnología,3,Laboratorio 3.00,EVALUACION CONTINUA 1,1,15,15
91,2019 - 1,GH1002,Arte y Tecnología,3,Laboratorio 3.00,EVALUACION CONTINUA 2,1,20,15
91,2019 - 1,GH1002,Arte y Tecnología,3,Laboratorio 3.00,EVALUACION CONTINUA 3,1,15,15
91,2019 - 1,GH1002,Arte y Tecnología,3,Laboratorio 3.00,PROYECTO FINAL,1,13,15
172,2019 - 1,GH1002,Arte y Tecnología,3,Laboratorio 3.00,EVALUACION CONTINUA 1,1,10,14
172,2019 - 1,GH1002,Arte y Tecnología,3,Laboratorio 3.00,EVALUACION CONTINUA 2,1,16,14
172,2019 - 1,GH1002,Arte y Tecnología,3,Laboratorio 3.00,EVALUACION CONTINUA 3,1,15,14
172,2019 - 1,GH1002,Arte y Tecnología,3,Laboratorio 3.00,PROYECTO FINAL,1,17,14
174,2019 - 1,GH1002,Arte y Tecnología,3,Laboratorio 3.00,EVALUACION CONTINUA 1,1,20,17
174,2019 - 1,GH1002,Arte y Tecnología,3,Laboratorio 3.00,EVALUACION CONTINUA 2,1,20,17
174,2019 - 1,GH1002,Arte y Tecnología,3,Laboratorio 3.00,EVALUACION CONTINUA 3,1,15,17
174,2019 - 1,GH1002,Arte y Tecnología,3,Laboratorio 3.00,PROYECTO FINAL,1,14,17
14,2019 - 1,GH1002,Arte y Tecnología,3,Laboratorio 3.00,EVALUACION CONTINUA 1,1,15,15
14,2019 - 1,GH1002,Arte y Tecnología,3,Laboratorio 3.00,EVALUACION CONTINUA 2,1,20,15
14,2019 - 1,GH1002,Arte y Tecnología,3,Laboratorio 3.00,EVALUACION CONTINUA 3,1,15,15
14,2019 - 1,GH1002,Arte y Tecnología,3,Laboratorio 3.00,PROYECTO FINAL,1,13,15
97,2019 - 1,GH1002,Arte y Tecnología,3,Laboratorio 3.00,EVALUACION CONTINUA 1,1,20,16
97,2019 - 1,GH1002,Arte y Tecnología,3,Laboratorio 3.00,EVALUACION CONTINUA 2,1,15,16
97,2019 - 1,GH1002,Arte y Tecnología,3,Laboratorio 3.00,EVALUACION CONTINUA 3,1,15,16
97,2019 - 1,GH1002,Arte y Tecnología,3,Laboratorio 3.00,PROYECTO FINAL,1,14,16
22,2019 - 1,GH1002,Arte y Tecnología,3,Laboratorio 3.00,EVALUACION CONTINUA 1,1,20,18
22,2019 - 1,GH1002,Arte y Tecnología,3,Laboratorio 3.00,EVALUACION CONTINUA 2,1,20,18
22,2019 - 1,GH1002,Arte y Tecnología,3,Laboratorio 3.00,EVALUACION CONTINUA 3,1,15,18
22,2019 - 1,GH1002,Arte y Tecnología,3,Laboratorio 3.00,PROYECTO FINAL,1,15,18
45,2019 - 1,GH1002,Arte y Tecnología,3,Laboratorio 3.00,EVALUACION CONTINUA 1,1,18,16
45,2019 - 1,GH1002,Arte y Tecnología,3,Laboratorio 3.00,EVALUACION CONTINUA 2,1,15,16
45,2019 - 1,GH1002,Arte y Tecnología,3,Laboratorio 3.00,EVALUACION CONTINUA 3,1,16,16
45,2019 - 1,GH1002,Arte y Tecnología,3,Laboratorio 3.00,PROYECTO FINAL,1,13,16
9,2019 - 1,GH1002,Arte y Tecnología,3,Laboratorio 3.00,EVALUACION CONTINUA 1,1,RET,RET
9,2019 - 1,GH1002,Arte y Tecnología,3,Laboratorio 3.00,EVALUACION CONTINUA 2,1,RET,RET
9,2019 - 1,GH1002,Arte y Tecnología,3,Laboratorio 3.00,EVALUACION CONTINUA 3,1,RET,RET
9,2019 - 1,GH1002,Arte y Tecnología,3,Laboratorio 3.00,PROYECTO FINAL,1,RET,RET
138,2019 - 1,GH1002,Arte y Tecnología,3,Laboratorio 3.00,EVALUACION CONTINUA 1,1,20,18
138,2019 - 1,GH1002,Arte y Tecnología,3,Laboratorio 3.00,EVALUACION CONTINUA 2,1,20,18
138,2019 - 1,GH1002,Arte y Tecnología,3,Laboratorio 3.00,EVALUACION CONTINUA 3,1,14,18
138,2019 - 1,GH1002,Arte y Tecnología,3,Laboratorio 3.00,PROYECTO FINAL,1,18,18
192,2019 - 1,GH1002,Arte y Tecnología,3,Laboratorio 3.00,EVALUACION CONTINUA 1,1,0,0
192,2019 - 1,GH1002,Arte y Tecnología,3,Laboratorio 3.00,EVALUACION CONTINUA 2,1,0,0
192,2019 - 1,GH1002,Arte y Tecnología,3,Laboratorio 3.00,EVALUACION CONTINUA 3,1,NP,0
192,2019 - 1,GH1002,Arte y Tecnología,3,Laboratorio 3.00,PROYECTO FINAL,1,NP,0
50,2019 - 1,GH1002,Arte y Tecnología,3,Laboratorio 3.00,EVALUACION CONTINUA 1,1,20,18
50,2019 - 1,GH1002,Arte y Tecnología,3,Laboratorio 3.00,EVALUACION CONTINUA 2,1,20,18
50,2019 - 1,GH1002,Arte y Tecnología,3,Laboratorio 3.00,EVALUACION CONTINUA 3,1,16,18
50,2019 - 1,GH1002,Arte y Tecnología,3,Laboratorio 3.00,PROYECTO FINAL,1,16,18
26,2019 - 1,GH1002,Arte y Tecnología,3,Laboratorio 3.00,EVALUACION CONTINUA 1,1,20,17
26,2019 - 1,GH1002,Arte y Tecnología,3,Laboratorio 3.00,EVALUACION CONTINUA 2,1,20,17
26,2019 - 1,GH1002,Arte y Tecnología,3,Laboratorio 3.00,EVALUACION CONTINUA 3,1,15,17
26,2019 - 1,GH1002,Arte y Tecnología,3,Laboratorio 3.00,PROYECTO FINAL,1,13,17
46,2019 - 1,GH1002,Arte y Tecnología,3,Laboratorio 3.00,EVALUACION CONTINUA 1,1,16,17
46,2019 - 1,GH1002,Arte y Tecnología,3,Laboratorio 3.00,EVALUACION CONTINUA 2,1,20,17
46,2019 - 1,GH1002,Arte y Tecnología,3,Laboratorio 3.00,EVALUACION CONTINUA 3,1,17,17
46,2019 - 1,GH1002,Arte y Tecnología,3,Laboratorio 3.00,PROYECTO FINAL,1,16,17
104,2019 - 1,GH1002,Arte y Tecnología,3,Laboratorio 3.00,EVALUACION CONTINUA 1,1,20,11
104,2019 - 1,GH1002,Arte y Tecnología,3,Laboratorio 3.00,EVALUACION CONTINUA 2,1,8,11
104,2019 - 1,GH1002,Arte y Tecnología,3,Laboratorio 3.00,EVALUACION CONTINUA 3,1,15,11
104,2019 - 1,GH1002,Arte y Tecnología,3,Laboratorio 3.00,PROYECTO FINAL,1,NP,11
16,2019 - 1,GH1002,Arte y Tecnología,3,Laboratorio 3.00,EVALUACION CONTINUA 1,1,20,16
16,2019 - 1,GH1002,Arte y Tecnología,3,Laboratorio 3.00,EVALUACION CONTINUA 2,1,15,16
16,2019 - 1,GH1002,Arte y Tecnología,3,Laboratorio 3.00,EVALUACION CONTINUA 3,1,16,16
16,2019 - 1,GH1002,Arte y Tecnología,3,Laboratorio 3.00,PROYECTO FINAL,1,13,16
29,2019 - 1,GH1002,Arte y Tecnología,3,Laboratorio 3.00,EVALUACION CONTINUA 1,1,18,16
29,2019 - 1,GH1002,Arte y Tecnología,3,Laboratorio 3.00,EVALUACION CONTINUA 2,1,16,16
29,2019 - 1,GH1002,Arte y Tecnología,3,Laboratorio 3.00,EVALUACION CONTINUA 3,1,15,16
29,2019 - 1,GH1002,Arte y Tecnología,3,Laboratorio 3.00,PROYECTO FINAL,1,16,16
180,2019 - 1,GH1002,Arte y Tecnología,3,Laboratorio 3.00,EVALUACION CONTINUA 1,1,20,17
180,2019 - 1,GH1002,Arte y Tecnología,3,Laboratorio 3.00,EVALUACION CONTINUA 2,1,18,17
180,2019 - 1,GH1002,Arte y Tecnología,3,Laboratorio 3.00,EVALUACION CONTINUA 3,1,16,17
180,2019 - 1,GH1002,Arte y Tecnología,3,Laboratorio 3.00,PROYECTO FINAL,1,15,17
132,2019 - 1,GH1002,Arte y Tecnología,3,Laboratorio 3.00,EVALUACION CONTINUA 1,1,18,16
132,2019 - 1,GH1002,Arte y Tecnología,3,Laboratorio 3.00,EVALUACION CONTINUA 2,1,15,16
132,2019 - 1,GH1002,Arte y Tecnología,3,Laboratorio 3.00,EVALUACION CONTINUA 3,1,15,16
132,2019 - 1,GH1002,Arte y Tecnología,3,Laboratorio 3.00,PROYECTO FINAL,1,14,16
106,2019 - 1,GH1002,Arte y Tecnología,3,Laboratorio 3.00,EVALUACION CONTINUA 1,1,20,17
106,2019 - 1,GH1002,Arte y Tecnología,3,Laboratorio 3.00,EVALUACION CONTINUA 2,1,20,17
106,2019 - 1,GH1002,Arte y Tecnología,3,Laboratorio 3.00,EVALUACION CONTINUA 3,1,15,17
106,2019 - 1,GH1002,Arte y Tecnología,3,Laboratorio 3.00,PROYECTO FINAL,1,13,17
133,2019 - 1,GH1002,Arte y Tecnología,3,Laboratorio 3.00,EVALUACION CONTINUA 1,1,20,17
133,2019 - 1,GH1002,Arte y Tecnología,3,Laboratorio 3.00,EVALUACION CONTINUA 2,1,16,17
133,2019 - 1,GH1002,Arte y Tecnología,3,Laboratorio 3.00,EVALUACION CONTINUA 3,1,15,17
133,2019 - 1,GH1002,Arte y Tecnología,3,Laboratorio 3.00,PROYECTO FINAL,1,17,17
48,2019 - 1,GH1002,Arte y Tecnología,3,Laboratorio 3.00,EVALUACION CONTINUA 1,1,20,18
48,2019 - 1,GH1002,Arte y Tecnología,3,Laboratorio 3.00,EVALUACION CONTINUA 2,1,20,18
48,2019 - 1,GH1002,Arte y Tecnología,3,Laboratorio 3.00,EVALUACION CONTINUA 3,1,16,18
48,2019 - 1,GH1002,Arte y Tecnología,3,Laboratorio 3.00,PROYECTO FINAL,1,16,18
43,2019 - 1,GH1002,Arte y Tecnología,3,Laboratorio 3.00,EVALUACION CONTINUA 1,1,20,18
43,2019 - 1,GH1002,Arte y Tecnología,3,Laboratorio 3.00,EVALUACION CONTINUA 2,1,20,18
43,2019 - 1,GH1002,Arte y Tecnología,3,Laboratorio 3.00,EVALUACION CONTINUA 3,1,15,18
43,2019 - 1,GH1002,Arte y Tecnología,3,Laboratorio 3.00,PROYECTO FINAL,1,16,18
182,2019 - 1,GH1002,Arte y Tecnología,3,Laboratorio 3.00,EVALUACION CONTINUA 1,1,20,16
182,2019 - 1,GH1002,Arte y Tecnología,3,Laboratorio 3.00,EVALUACION CONTINUA 2,1,15,16
182,2019 - 1,GH1002,Arte y Tecnología,3,Laboratorio 3.00,EVALUACION CONTINUA 3,1,15,16
182,2019 - 1,GH1002,Arte y Tecnología,3,Laboratorio 3.00,PROYECTO FINAL,1,14,16
134,2019 - 1,GH1002,Arte y Tecnología,3,Laboratorio 3.00,EVALUACION CONTINUA 1,1,18,17
134,2019 - 1,GH1002,Arte y Tecnología,3,Laboratorio 3.00,EVALUACION CONTINUA 2,1,20,17
134,2019 - 1,GH1002,Arte y Tecnología,3,Laboratorio 3.00,EVALUACION CONTINUA 3,1,15,17
134,2019 - 1,GH1002,Arte y Tecnología,3,Laboratorio 3.00,PROYECTO FINAL,1,15,17
39,2019 - 1,GH1002,Arte y Tecnología,3,Laboratorio 3.00,EVALUACION CONTINUA 1,1,16,16
39,2019 - 1,GH1002,Arte y Tecnología,3,Laboratorio 3.00,EVALUACION CONTINUA 2,1,16,16
39,2019 - 1,GH1002,Arte y Tecnología,3,Laboratorio 3.00,EVALUACION CONTINUA 3,1,15,16
39,2019 - 1,GH1002,Arte y Tecnología,3,Laboratorio 3.00,PROYECTO FINAL,1,16,16
17,2019 - 1,GH1002,Arte y Tecnología,3,Laboratorio 3.00,EVALUACION CONTINUA 1,1,20,19
17,2019 - 1,GH1002,Arte y Tecnología,3,Laboratorio 3.00,EVALUACION CONTINUA 2,1,20,19
17,2019 - 1,GH1002,Arte y Tecnología,3,Laboratorio 3.00,EVALUACION CONTINUA 3,1,17,19
17,2019 - 1,GH1002,Arte y Tecnología,3,Laboratorio 3.00,PROYECTO FINAL,1,20,19
120,2019 - 1,GH1002,Arte y Tecnología,4,Laboratorio 4.00,EVALUACION CONTINUA 1,1,18,16
120,2019 - 1,GH1002,Arte y Tecnología,4,Laboratorio 4.00,EVALUACION CONTINUA 2,1,13,16
120,2019 - 1,GH1002,Arte y Tecnología,4,Laboratorio 4.00,EVALUACION CONTINUA 3,1,15,16
120,2019 - 1,GH1002,Arte y Tecnología,4,Laboratorio 4.00,PROYECTO FINAL,1,17,16
165,2019 - 1,GH1002,Arte y Tecnología,4,Laboratorio 4.00,EVALUACION CONTINUA 1,1,0,7
165,2019 - 1,GH1002,Arte y Tecnología,4,Laboratorio 4.00,EVALUACION CONTINUA 2,1,0,7
165,2019 - 1,GH1002,Arte y Tecnología,4,Laboratorio 4.00,EVALUACION CONTINUA 3,1,13,7
165,2019 - 1,GH1002,Arte y Tecnología,4,Laboratorio 4.00,PROYECTO FINAL,1,14,7
166,2019 - 1,GH1002,Arte y Tecnología,4,Laboratorio 4.00,EVALUACION CONTINUA 1,1,RET,RET
166,2019 - 1,GH1002,Arte y Tecnología,4,Laboratorio 4.00,EVALUACION CONTINUA 2,1,RET,RET
166,2019 - 1,GH1002,Arte y Tecnología,4,Laboratorio 4.00,EVALUACION CONTINUA 3,1,RET,RET
166,2019 - 1,GH1002,Arte y Tecnología,4,Laboratorio 4.00,PROYECTO FINAL,1,RET,RET
117,2019 - 1,GH1002,Arte y Tecnología,4,Laboratorio 4.00,EVALUACION CONTINUA 1,1,5,12
117,2019 - 1,GH1002,Arte y Tecnología,4,Laboratorio 4.00,EVALUACION CONTINUA 2,1,18,12
117,2019 - 1,GH1002,Arte y Tecnología,4,Laboratorio 4.00,EVALUACION CONTINUA 3,1,14,12
117,2019 - 1,GH1002,Arte y Tecnología,4,Laboratorio 4.00,PROYECTO FINAL,1,12,12
206,2019 - 1,GH1002,Arte y Tecnología,4,Laboratorio 4.00,EVALUACION CONTINUA 1,1,14,16
206,2019 - 1,GH1002,Arte y Tecnología,4,Laboratorio 4.00,EVALUACION CONTINUA 2,1,16,16
206,2019 - 1,GH1002,Arte y Tecnología,4,Laboratorio 4.00,EVALUACION CONTINUA 3,1,18,16
206,2019 - 1,GH1002,Arte y Tecnología,4,Laboratorio 4.00,PROYECTO FINAL,1,15,16
59,2019 - 1,GH1002,Arte y Tecnología,4,Laboratorio 4.00,EVALUACION CONTINUA 1,1,20,20
59,2019 - 1,GH1002,Arte y Tecnología,4,Laboratorio 4.00,EVALUACION CONTINUA 2,1,20,20
59,2019 - 1,GH1002,Arte y Tecnología,4,Laboratorio 4.00,EVALUACION CONTINUA 3,1,20,20
59,2019 - 1,GH1002,Arte y Tecnología,4,Laboratorio 4.00,PROYECTO FINAL,1,20,20
30,2019 - 1,GH1002,Arte y Tecnología,4,Laboratorio 4.00,EVALUACION CONTINUA 1,1,19,18
30,2019 - 1,GH1002,Arte y Tecnología,4,Laboratorio 4.00,EVALUACION CONTINUA 2,1,15,18
30,2019 - 1,GH1002,Arte y Tecnología,4,Laboratorio 4.00,EVALUACION CONTINUA 3,1,20,18
30,2019 - 1,GH1002,Arte y Tecnología,4,Laboratorio 4.00,PROYECTO FINAL,1,19,18
89,2019 - 1,GH1002,Arte y Tecnología,4,Laboratorio 4.00,EVALUACION CONTINUA 1,1,5,11
89,2019 - 1,GH1002,Arte y Tecnología,4,Laboratorio 4.00,EVALUACION CONTINUA 2,1,16,11
89,2019 - 1,GH1002,Arte y Tecnología,4,Laboratorio 4.00,EVALUACION CONTINUA 3,1,14,11
89,2019 - 1,GH1002,Arte y Tecnología,4,Laboratorio 4.00,PROYECTO FINAL,1,11,11
3,2019 - 1,GH1002,Arte y Tecnología,4,Laboratorio 4.00,EVALUACION CONTINUA 1,1,6,11
3,2019 - 1,GH1002,Arte y Tecnología,4,Laboratorio 4.00,EVALUACION CONTINUA 2,1,7,11
3,2019 - 1,GH1002,Arte y Tecnología,4,Laboratorio 4.00,EVALUACION CONTINUA 3,1,15,11
3,2019 - 1,GH1002,Arte y Tecnología,4,Laboratorio 4.00,PROYECTO FINAL,1,16,11
208,2019 - 1,GH1002,Arte y Tecnología,4,Laboratorio 4.00,EVALUACION CONTINUA 1,1,12,18
208,2019 - 1,GH1002,Arte y Tecnología,4,Laboratorio 4.00,EVALUACION CONTINUA 2,1,20,18
208,2019 - 1,GH1002,Arte y Tecnología,4,Laboratorio 4.00,EVALUACION CONTINUA 3,1,20,18
208,2019 - 1,GH1002,Arte y Tecnología,4,Laboratorio 4.00,PROYECTO FINAL,1,20,18
127,2019 - 1,GH1002,Arte y Tecnología,4,Laboratorio 4.00,EVALUACION CONTINUA 1,1,18,17
127,2019 - 1,GH1002,Arte y Tecnología,4,Laboratorio 4.00,EVALUACION CONTINUA 2,1,18,17
127,2019 - 1,GH1002,Arte y Tecnología,4,Laboratorio 4.00,EVALUACION CONTINUA 3,1,14,17
127,2019 - 1,GH1002,Arte y Tecnología,4,Laboratorio 4.00,PROYECTO FINAL,1,16,17
111,2019 - 1,GH1002,Arte y Tecnología,4,Laboratorio 4.00,EVALUACION CONTINUA 1,1,7,13
111,2019 - 1,GH1002,Arte y Tecnología,4,Laboratorio 4.00,EVALUACION CONTINUA 2,1,16,13
111,2019 - 1,GH1002,Arte y Tecnología,4,Laboratorio 4.00,EVALUACION CONTINUA 3,1,14,13
111,2019 - 1,GH1002,Arte y Tecnología,4,Laboratorio 4.00,PROYECTO FINAL,1,16,13
187,2019 - 1,GH1002,Arte y Tecnología,4,Laboratorio 4.00,EVALUACION CONTINUA 1,1,18,15
187,2019 - 1,GH1002,Arte y Tecnología,4,Laboratorio 4.00,EVALUACION CONTINUA 2,1,18,15
187,2019 - 1,GH1002,Arte y Tecnología,4,Laboratorio 4.00,EVALUACION CONTINUA 3,1,9,15
187,2019 - 1,GH1002,Arte y Tecnología,4,Laboratorio 4.00,PROYECTO FINAL,1,14,15
95,2019 - 1,GH1002,Arte y Tecnología,4,Laboratorio 4.00,EVALUACION CONTINUA 1,1,5,13
95,2019 - 1,GH1002,Arte y Tecnología,4,Laboratorio 4.00,EVALUACION CONTINUA 2,1,20,13
95,2019 - 1,GH1002,Arte y Tecnología,4,Laboratorio 4.00,EVALUACION CONTINUA 3,1,14,13
95,2019 - 1,GH1002,Arte y Tecnología,4,Laboratorio 4.00,PROYECTO FINAL,1,14,13
6,2019 - 1,GH1002,Arte y Tecnología,4,Laboratorio 4.00,EVALUACION CONTINUA 1,1,19,15
6,2019 - 1,GH1002,Arte y Tecnología,4,Laboratorio 4.00,EVALUACION CONTINUA 2,1,9,15
6,2019 - 1,GH1002,Arte y Tecnología,4,Laboratorio 4.00,EVALUACION CONTINUA 3,1,17,15
6,2019 - 1,GH1002,Arte y Tecnología,4,Laboratorio 4.00,PROYECTO FINAL,1,15,15
191,2019 - 1,GH1002,Arte y Tecnología,4,Laboratorio 4.00,EVALUACION CONTINUA 1,1,13,13
191,2019 - 1,GH1002,Arte y Tecnología,4,Laboratorio 4.00,EVALUACION CONTINUA 2,1,8,13
191,2019 - 1,GH1002,Arte y Tecnología,4,Laboratorio 4.00,EVALUACION CONTINUA 3,1,15,13
191,2019 - 1,GH1002,Arte y Tecnología,4,Laboratorio 4.00,PROYECTO FINAL,1,14,13
211,2019 - 1,GH1002,Arte y Tecnología,4,Laboratorio 4.00,EVALUACION CONTINUA 1,1,16,15
211,2019 - 1,GH1002,Arte y Tecnología,4,Laboratorio 4.00,EVALUACION CONTINUA 2,1,18,15
211,2019 - 1,GH1002,Arte y Tecnología,4,Laboratorio 4.00,EVALUACION CONTINUA 3,1,14,15
211,2019 - 1,GH1002,Arte y Tecnología,4,Laboratorio 4.00,PROYECTO FINAL,1,12,15
63,2019 - 1,GH1002,Arte y Tecnología,4,Laboratorio 4.00,EVALUACION CONTINUA 1,1,15,18
63,2019 - 1,GH1002,Arte y Tecnología,4,Laboratorio 4.00,EVALUACION CONTINUA 2,1,18,18
63,2019 - 1,GH1002,Arte y Tecnología,4,Laboratorio 4.00,EVALUACION CONTINUA 3,1,18,18
63,2019 - 1,GH1002,Arte y Tecnología,4,Laboratorio 4.00,PROYECTO FINAL,1,20,18
147,2019 - 1,GH1002,Arte y Tecnología,4,Laboratorio 4.00,EVALUACION CONTINUA 1,1,7,7
147,2019 - 1,GH1002,Arte y Tecnología,4,Laboratorio 4.00,EVALUACION CONTINUA 2,1,0,7
147,2019 - 1,GH1002,Arte y Tecnología,4,Laboratorio 4.00,EVALUACION CONTINUA 3,1,9,7
147,2019 - 1,GH1002,Arte y Tecnología,4,Laboratorio 4.00,PROYECTO FINAL,1,9,7
229,2019 - 1,GH1002,Arte y Tecnología,4,Laboratorio 4.00,EVALUACION CONTINUA 1,1,6,4
229,2019 - 1,GH1002,Arte y Tecnología,4,Laboratorio 4.00,EVALUACION CONTINUA 2,1,0,4
229,2019 - 1,GH1002,Arte y Tecnología,4,Laboratorio 4.00,EVALUACION CONTINUA 3,1,0,4
229,2019 - 1,GH1002,Arte y Tecnología,4,Laboratorio 4.00,PROYECTO FINAL,1,7,4
1,2019 - 1,GH1002,Arte y Tecnología,4,Laboratorio 4.00,EVALUACION CONTINUA 1,1,5,2
1,2019 - 1,GH1002,Arte y Tecnología,4,Laboratorio 4.00,EVALUACION CONTINUA 2,1,0,2
1,2019 - 1,GH1002,Arte y Tecnología,4,Laboratorio 4.00,EVALUACION CONTINUA 3,1,0,2
1,2019 - 1,GH1002,Arte y Tecnología,4,Laboratorio 4.00,PROYECTO FINAL,1,0,2
74,2019 - 1,GH1002,Arte y Tecnología,4,Laboratorio 4.00,EVALUACION CONTINUA 1,1,17,17
74,2019 - 1,GH1002,Arte y Tecnología,4,Laboratorio 4.00,EVALUACION CONTINUA 2,1,14,17
74,2019 - 1,GH1002,Arte y Tecnología,4,Laboratorio 4.00,EVALUACION CONTINUA 3,1,17,17
74,2019 - 1,GH1002,Arte y Tecnología,4,Laboratorio 4.00,PROYECTO FINAL,1,18,17
119,2019 - 1,GH1002,Arte y Tecnología,4,Laboratorio 4.00,EVALUACION CONTINUA 1,1,9,13
119,2019 - 1,GH1002,Arte y Tecnología,4,Laboratorio 4.00,EVALUACION CONTINUA 2,1,9,13
119,2019 - 1,GH1002,Arte y Tecnología,4,Laboratorio 4.00,EVALUACION CONTINUA 3,1,17,13
119,2019 - 1,GH1002,Arte y Tecnología,4,Laboratorio 4.00,PROYECTO FINAL,1,17,13
151,2019 - 1,GH1002,Arte y Tecnología,4,Laboratorio 4.00,EVALUACION CONTINUA 1,1,9,9
151,2019 - 1,GH1002,Arte y Tecnología,4,Laboratorio 4.00,EVALUACION CONTINUA 2,1,4,9
151,2019 - 1,GH1002,Arte y Tecnología,4,Laboratorio 4.00,EVALUACION CONTINUA 3,1,9,9
151,2019 - 1,GH1002,Arte y Tecnología,4,Laboratorio 4.00,PROYECTO FINAL,1,11,9
230,2019 - 1,GH1002,Arte y Tecnología,4,Laboratorio 4.00,EVALUACION CONTINUA 1,1,13,14
230,2019 - 1,GH1002,Arte y Tecnología,4,Laboratorio 4.00,EVALUACION CONTINUA 2,1,13,14
230,2019 - 1,GH1002,Arte y Tecnología,4,Laboratorio 4.00,EVALUACION CONTINUA 3,1,15,14
230,2019 - 1,GH1002,Arte y Tecnología,4,Laboratorio 4.00,PROYECTO FINAL,1,14,14
231,2019 - 1,GH1002,Arte y Tecnología,4,Laboratorio 4.00,EVALUACION CONTINUA 1,1,15,14
231,2019 - 1,GH1002,Arte y Tecnología,4,Laboratorio 4.00,EVALUACION CONTINUA 2,1,7,14
231,2019 - 1,GH1002,Arte y Tecnología,4,Laboratorio 4.00,EVALUACION CONTINUA 3,1,15,14
231,2019 - 1,GH1002,Arte y Tecnología,4,Laboratorio 4.00,PROYECTO FINAL,1,16,14
75,2019 - 1,GH1002,Arte y Tecnología,4,Laboratorio 4.00,EVALUACION CONTINUA 1,1,11,13
75,2019 - 1,GH1002,Arte y Tecnología,4,Laboratorio 4.00,EVALUACION CONTINUA 2,1,6,13
75,2019 - 1,GH1002,Arte y Tecnología,4,Laboratorio 4.00,EVALUACION CONTINUA 3,1,17,13
75,2019 - 1,GH1002,Arte y Tecnología,4,Laboratorio 4.00,PROYECTO FINAL,1,17,13
232,2019 - 1,GH1002,Arte y Tecnología,4,Laboratorio 4.00,EVALUACION CONTINUA 1,1,16,15
232,2019 - 1,GH1002,Arte y Tecnología,4,Laboratorio 4.00,EVALUACION CONTINUA 2,1,9,15
232,2019 - 1,GH1002,Arte y Tecnología,4,Laboratorio 4.00,EVALUACION CONTINUA 3,1,15,15
232,2019 - 1,GH1002,Arte y Tecnología,4,Laboratorio 4.00,PROYECTO FINAL,1,18,15
123,2019 - 1,GH1002,Arte y Tecnología,4,Laboratorio 4.00,EVALUACION CONTINUA 1,1,0,3
123,2019 - 1,GH1002,Arte y Tecnología,4,Laboratorio 4.00,EVALUACION CONTINUA 2,1,0,3
123,2019 - 1,GH1002,Arte y Tecnología,4,Laboratorio 4.00,EVALUACION CONTINUA 3,1,0,3
123,2019 - 1,GH1002,Arte y Tecnología,4,Laboratorio 4.00,PROYECTO FINAL,1,9,3
213,2019 - 1,GH1002,Arte y Tecnología,4,Laboratorio 4.00,EVALUACION CONTINUA 1,1,15,15
213,2019 - 1,GH1002,Arte y Tecnología,4,Laboratorio 4.00,EVALUACION CONTINUA 2,1,15,15
213,2019 - 1,GH1002,Arte y Tecnología,4,Laboratorio 4.00,EVALUACION CONTINUA 3,1,14,15
213,2019 - 1,GH1002,Arte y Tecnología,4,Laboratorio 4.00,PROYECTO FINAL,1,16,15
214,2019 - 1,GH1002,Arte y Tecnología,4,Laboratorio 4.00,EVALUACION CONTINUA 1,1,15,13
214,2019 - 1,GH1002,Arte y Tecnología,4,Laboratorio 4.00,EVALUACION CONTINUA 2,1,8,13
214,2019 - 1,GH1002,Arte y Tecnología,4,Laboratorio 4.00,EVALUACION CONTINUA 3,1,14,13
214,2019 - 1,GH1002,Arte y Tecnología,4,Laboratorio 4.00,PROYECTO FINAL,1,15,13
216,2019 - 1,GH1002,Arte y Tecnología,4,Laboratorio 4.00,EVALUACION CONTINUA 1,1,9,12
216,2019 - 1,GH1002,Arte y Tecnología,4,Laboratorio 4.00,EVALUACION CONTINUA 2,1,7,12
216,2019 - 1,GH1002,Arte y Tecnología,4,Laboratorio 4.00,EVALUACION CONTINUA 3,1,15,12
216,2019 - 1,GH1002,Arte y Tecnología,4,Laboratorio 4.00,PROYECTO FINAL,1,15,12
236,2019 - 1,GH1002,Arte y Tecnología,4,Laboratorio 4.00,EVALUACION CONTINUA 1,1,11,12
236,2019 - 1,GH1002,Arte y Tecnología,4,Laboratorio 4.00,EVALUACION CONTINUA 2,1,9,12
236,2019 - 1,GH1002,Arte y Tecnología,4,Laboratorio 4.00,EVALUACION CONTINUA 3,1,14,12
236,2019 - 1,GH1002,Arte y Tecnología,4,Laboratorio 4.00,PROYECTO FINAL,1,13,12
155,2019 - 1,GH1002,Arte y Tecnología,4,Laboratorio 4.00,EVALUACION CONTINUA 1,1,10,11
155,2019 - 1,GH1002,Arte y Tecnología,4,Laboratorio 4.00,EVALUACION CONTINUA 2,1,10,11
155,2019 - 1,GH1002,Arte y Tecnología,4,Laboratorio 4.00,EVALUACION CONTINUA 3,1,14,11
155,2019 - 1,GH1002,Arte y Tecnología,4,Laboratorio 4.00,PROYECTO FINAL,1,11,11
156,2019 - 1,GH1002,Arte y Tecnología,4,Laboratorio 4.00,EVALUACION CONTINUA 1,1,5,8
156,2019 - 1,GH1002,Arte y Tecnología,4,Laboratorio 4.00,EVALUACION CONTINUA 2,1,7,8
156,2019 - 1,GH1002,Arte y Tecnología,4,Laboratorio 4.00,EVALUACION CONTINUA 3,1,9,8
156,2019 - 1,GH1002,Arte y Tecnología,4,Laboratorio 4.00,PROYECTO FINAL,1,11,8
217,2019 - 1,GH1002,Arte y Tecnología,4,Laboratorio 4.00,EVALUACION CONTINUA 1,1,13,16
217,2019 - 1,GH1002,Arte y Tecnología,4,Laboratorio 4.00,EVALUACION CONTINUA 2,1,16,16
217,2019 - 1,GH1002,Arte y Tecnología,4,Laboratorio 4.00,EVALUACION CONTINUA 3,1,18,16
217,2019 - 1,GH1002,Arte y Tecnología,4,Laboratorio 4.00,PROYECTO FINAL,1,17,16
237,2019 - 1,GH1002,Arte y Tecnología,4,Laboratorio 4.00,EVALUACION CONTINUA 1,1,5,12
237,2019 - 1,GH1002,Arte y Tecnología,4,Laboratorio 4.00,EVALUACION CONTINUA 2,1,10,12
237,2019 - 1,GH1002,Arte y Tecnología,4,Laboratorio 4.00,EVALUACION CONTINUA 3,1,13,12
237,2019 - 1,GH1002,Arte y Tecnología,4,Laboratorio 4.00,PROYECTO FINAL,1,18,12
238,2019 - 1,GH1002,Arte y Tecnología,4,Laboratorio 4.00,EVALUACION CONTINUA 1,1,15,13
238,2019 - 1,GH1002,Arte y Tecnología,4,Laboratorio 4.00,EVALUACION CONTINUA 2,1,8,13
238,2019 - 1,GH1002,Arte y Tecnología,4,Laboratorio 4.00,EVALUACION CONTINUA 3,1,14,13
238,2019 - 1,GH1002,Arte y Tecnología,4,Laboratorio 4.00,PROYECTO FINAL,1,14,13
56,2019 - 1,GH1002,Arte y Tecnología,4,Laboratorio 4.00,EVALUACION CONTINUA 1,1,0,0
56,2019 - 1,GH1002,Arte y Tecnología,4,Laboratorio 4.00,EVALUACION CONTINUA 2,1,0,0
56,2019 - 1,GH1002,Arte y Tecnología,4,Laboratorio 4.00,EVALUACION CONTINUA 3,1,0,0
56,2019 - 1,GH1002,Arte y Tecnología,4,Laboratorio 4.00,PROYECTO FINAL,1,0,0
82,2019 - 1,GH1002,Arte y Tecnología,4,Laboratorio 4.00,EVALUACION CONTINUA 1,1,1,6
82,2019 - 1,GH1002,Arte y Tecnología,4,Laboratorio 4.00,EVALUACION CONTINUA 2,1,0,6
82,2019 - 1,GH1002,Arte y Tecnología,4,Laboratorio 4.00,EVALUACION CONTINUA 3,1,15,6
82,2019 - 1,GH1002,Arte y Tecnología,4,Laboratorio 4.00,PROYECTO FINAL,1,8,6
83,2019 - 1,GH1002,Arte y Tecnología,4,Laboratorio 4.00,EVALUACION CONTINUA 1,1,RET,RET
83,2019 - 1,GH1002,Arte y Tecnología,4,Laboratorio 4.00,EVALUACION CONTINUA 2,1,RET,RET
83,2019 - 1,GH1002,Arte y Tecnología,4,Laboratorio 4.00,EVALUACION CONTINUA 3,1,RET,RET
83,2019 - 1,GH1002,Arte y Tecnología,4,Laboratorio 4.00,PROYECTO FINAL,1,RET,RET
78,2019 - 1,GH1002,Arte y Tecnología,4,Laboratorio 4.00,EVALUACION CONTINUA 1,1,0,8
78,2019 - 1,GH1002,Arte y Tecnología,4,Laboratorio 4.00,EVALUACION CONTINUA 2,1,10,8
78,2019 - 1,GH1002,Arte y Tecnología,4,Laboratorio 4.00,EVALUACION CONTINUA 3,1,15,8
78,2019 - 1,GH1002,Arte y Tecnología,4,Laboratorio 4.00,PROYECTO FINAL,1,10,8
107,2019 - 1,GH1002,Arte y Tecnología,4,Laboratorio 4.00,EVALUACION CONTINUA 1,1,RET,RET
107,2019 - 1,GH1002,Arte y Tecnología,4,Laboratorio 4.00,EVALUACION CONTINUA 2,1,RET,RET
107,2019 - 1,GH1002,Arte y Tecnología,4,Laboratorio 4.00,EVALUACION CONTINUA 3,1,RET,RET
107,2019 - 1,GH1002,Arte y Tecnología,4,Laboratorio 4.00,PROYECTO FINAL,1,RET,RET
115,2019 - 1,GH1002,Arte y Tecnología,4,Laboratorio 4.00,EVALUACION CONTINUA 1,1,0,0
115,2019 - 1,GH1002,Arte y Tecnología,4,Laboratorio 4.00,EVALUACION CONTINUA 2,1,0,0
115,2019 - 1,GH1002,Arte y Tecnología,4,Laboratorio 4.00,EVALUACION CONTINUA 3,1,0,0
115,2019 - 1,GH1002,Arte y Tecnología,4,Laboratorio 4.00,PROYECTO FINAL,1,0,0
239,2019 - 1,GH1002,Arte y Tecnología,4,Laboratorio 4.00,EVALUACION CONTINUA 1,1,12,15
239,2019 - 1,GH1002,Arte y Tecnología,4,Laboratorio 4.00,EVALUACION CONTINUA 2,1,18,15
239,2019 - 1,GH1002,Arte y Tecnología,4,Laboratorio 4.00,EVALUACION CONTINUA 3,1,14,15
239,2019 - 1,GH1002,Arte y Tecnología,4,Laboratorio 4.00,PROYECTO FINAL,1,16,15
5,2019 - 1,GH1002,Arte y Tecnología,5,Laboratorio 5.00,EVALUACION CONTINUA 1,1,20,17
5,2019 - 1,GH1002,Arte y Tecnología,5,Laboratorio 5.00,EVALUACION CONTINUA 2,1,16,17
5,2019 - 1,GH1002,Arte y Tecnología,5,Laboratorio 5.00,EVALUACION CONTINUA 3,1,16,17
5,2019 - 1,GH1002,Arte y Tecnología,5,Laboratorio 5.00,PROYECTO FINAL,1,16,17
85,2019 - 1,GH1002,Arte y Tecnología,5,Laboratorio 5.00,EVALUACION CONTINUA 1,1,20,18
85,2019 - 1,GH1002,Arte y Tecnología,5,Laboratorio 5.00,EVALUACION CONTINUA 2,1,18,18
85,2019 - 1,GH1002,Arte y Tecnología,5,Laboratorio 5.00,EVALUACION CONTINUA 3,1,18,18
85,2019 - 1,GH1002,Arte y Tecnología,5,Laboratorio 5.00,PROYECTO FINAL,1,17,18
52,2019 - 1,GH1002,Arte y Tecnología,5,Laboratorio 5.00,EVALUACION CONTINUA 1,1,20,14
52,2019 - 1,GH1002,Arte y Tecnología,5,Laboratorio 5.00,EVALUACION CONTINUA 2,1,12,14
52,2019 - 1,GH1002,Arte y Tecnología,5,Laboratorio 5.00,EVALUACION CONTINUA 3,1,12,14
52,2019 - 1,GH1002,Arte y Tecnología,5,Laboratorio 5.00,PROYECTO FINAL,1,12,14
87,2019 - 1,GH1002,Arte y Tecnología,5,Laboratorio 5.00,EVALUACION CONTINUA 1,1,20,18
87,2019 - 1,GH1002,Arte y Tecnología,5,Laboratorio 5.00,EVALUACION CONTINUA 2,1,17,18
87,2019 - 1,GH1002,Arte y Tecnología,5,Laboratorio 5.00,EVALUACION CONTINUA 3,1,17,18
87,2019 - 1,GH1002,Arte y Tecnología,5,Laboratorio 5.00,PROYECTO FINAL,1,17,18
33,2019 - 1,GH1002,Arte y Tecnología,5,Laboratorio 5.00,EVALUACION CONTINUA 1,1,15,17
33,2019 - 1,GH1002,Arte y Tecnología,5,Laboratorio 5.00,EVALUACION CONTINUA 2,1,18,17
33,2019 - 1,GH1002,Arte y Tecnología,5,Laboratorio 5.00,EVALUACION CONTINUA 3,1,19,17
33,2019 - 1,GH1002,Arte y Tecnología,5,Laboratorio 5.00,PROYECTO FINAL,1,18,17
202,2019 - 1,GH1002,Arte y Tecnología,5,Laboratorio 5.00,EVALUACION CONTINUA 1,1,20,16
202,2019 - 1,GH1002,Arte y Tecnología,5,Laboratorio 5.00,EVALUACION CONTINUA 2,1,20,16
202,2019 - 1,GH1002,Arte y Tecnología,5,Laboratorio 5.00,EVALUACION CONTINUA 3,1,12,16
202,2019 - 1,GH1002,Arte y Tecnología,5,Laboratorio 5.00,PROYECTO FINAL,1,12,16
88,2019 - 1,GH1002,Arte y Tecnología,5,Laboratorio 5.00,EVALUACION CONTINUA 1,1,20,17
88,2019 - 1,GH1002,Arte y Tecnología,5,Laboratorio 5.00,EVALUACION CONTINUA 2,1,15,17
88,2019 - 1,GH1002,Arte y Tecnología,5,Laboratorio 5.00,EVALUACION CONTINUA 3,1,15,17
88,2019 - 1,GH1002,Arte y Tecnología,5,Laboratorio 5.00,PROYECTO FINAL,1,15,17
197,2019 - 1,GH1002,Arte y Tecnología,5,Laboratorio 5.00,EVALUACION CONTINUA 1,1,18,17
197,2019 - 1,GH1002,Arte y Tecnología,5,Laboratorio 5.00,EVALUACION CONTINUA 2,1,17,17
197,2019 - 1,GH1002,Arte y Tecnología,5,Laboratorio 5.00,EVALUACION CONTINUA 3,1,16,17
197,2019 - 1,GH1002,Arte y Tecnología,5,Laboratorio 5.00,PROYECTO FINAL,1,17,17
167,2019 - 1,GH1002,Arte y Tecnología,5,Laboratorio 5.00,EVALUACION CONTINUA 1,1,20,17
167,2019 - 1,GH1002,Arte y Tecnología,5,Laboratorio 5.00,EVALUACION CONTINUA 2,1,16,17
167,2019 - 1,GH1002,Arte y Tecnología,5,Laboratorio 5.00,EVALUACION CONTINUA 3,1,15,17
167,2019 - 1,GH1002,Arte y Tecnología,5,Laboratorio 5.00,PROYECTO FINAL,1,16,17
186,2019 - 1,GH1002,Arte y Tecnología,5,Laboratorio 5.00,EVALUACION CONTINUA 1,1,5,2
186,2019 - 1,GH1002,Arte y Tecnología,5,Laboratorio 5.00,EVALUACION CONTINUA 2,1,0,2
186,2019 - 1,GH1002,Arte y Tecnología,5,Laboratorio 5.00,EVALUACION CONTINUA 3,1,NP,2
186,2019 - 1,GH1002,Arte y Tecnología,5,Laboratorio 5.00,PROYECTO FINAL,1,NP,2
204,2019 - 1,GH1002,Arte y Tecnología,5,Laboratorio 5.00,EVALUACION CONTINUA 1,1,20,17
204,2019 - 1,GH1002,Arte y Tecnología,5,Laboratorio 5.00,EVALUACION CONTINUA 2,1,20,17
204,2019 - 1,GH1002,Arte y Tecnología,5,Laboratorio 5.00,EVALUACION CONTINUA 3,1,14,17
204,2019 - 1,GH1002,Arte y Tecnología,5,Laboratorio 5.00,PROYECTO FINAL,1,15,17
136,2019 - 1,GH1002,Arte y Tecnología,5,Laboratorio 5.00,EVALUACION CONTINUA 1,1,20,19
136,2019 - 1,GH1002,Arte y Tecnología,5,Laboratorio 5.00,EVALUACION CONTINUA 2,1,20,19
136,2019 - 1,GH1002,Arte y Tecnología,5,Laboratorio 5.00,EVALUACION CONTINUA 3,1,18,19
136,2019 - 1,GH1002,Arte y Tecnología,5,Laboratorio 5.00,PROYECTO FINAL,1,17,19
223,2019 - 1,GH1002,Arte y Tecnología,5,Laboratorio 5.00,EVALUACION CONTINUA 1,1,20,17
223,2019 - 1,GH1002,Arte y Tecnología,5,Laboratorio 5.00,EVALUACION CONTINUA 2,1,15,17
223,2019 - 1,GH1002,Arte y Tecnología,5,Laboratorio 5.00,EVALUACION CONTINUA 3,1,15,17
223,2019 - 1,GH1002,Arte y Tecnología,5,Laboratorio 5.00,PROYECTO FINAL,1,15,17
142,2019 - 1,GH1002,Arte y Tecnología,5,Laboratorio 5.00,EVALUACION CONTINUA 1,1,20,17
142,2019 - 1,GH1002,Arte y Tecnología,5,Laboratorio 5.00,EVALUACION CONTINUA 2,1,20,17
142,2019 - 1,GH1002,Arte y Tecnología,5,Laboratorio 5.00,EVALUACION CONTINUA 3,1,13,17
142,2019 - 1,GH1002,Arte y Tecnología,5,Laboratorio 5.00,PROYECTO FINAL,1,13,17
144,2019 - 1,GH1002,Arte y Tecnología,5,Laboratorio 5.00,EVALUACION CONTINUA 1,1,20,15
144,2019 - 1,GH1002,Arte y Tecnología,5,Laboratorio 5.00,EVALUACION CONTINUA 2,1,13,15
144,2019 - 1,GH1002,Arte y Tecnología,5,Laboratorio 5.00,EVALUACION CONTINUA 3,1,13,15
144,2019 - 1,GH1002,Arte y Tecnología,5,Laboratorio 5.00,PROYECTO FINAL,1,13,15
53,2019 - 1,GH1002,Arte y Tecnología,5,Laboratorio 5.00,EVALUACION CONTINUA 1,1,20,17
53,2019 - 1,GH1002,Arte y Tecnología,5,Laboratorio 5.00,EVALUACION CONTINUA 2,1,16,17
53,2019 - 1,GH1002,Arte y Tecnología,5,Laboratorio 5.00,EVALUACION CONTINUA 3,1,16,17
53,2019 - 1,GH1002,Arte y Tecnología,5,Laboratorio 5.00,PROYECTO FINAL,1,16,17
92,2019 - 1,GH1002,Arte y Tecnología,5,Laboratorio 5.00,EVALUACION CONTINUA 1,1,10,13
92,2019 - 1,GH1002,Arte y Tecnología,5,Laboratorio 5.00,EVALUACION CONTINUA 2,1,14,13
92,2019 - 1,GH1002,Arte y Tecnología,5,Laboratorio 5.00,EVALUACION CONTINUA 3,1,15,13
92,2019 - 1,GH1002,Arte y Tecnología,5,Laboratorio 5.00,PROYECTO FINAL,1,13,13
93,2019 - 1,GH1002,Arte y Tecnología,5,Laboratorio 5.00,EVALUACION CONTINUA 1,1,18,15
93,2019 - 1,GH1002,Arte y Tecnología,5,Laboratorio 5.00,EVALUACION CONTINUA 2,1,14,15
93,2019 - 1,GH1002,Arte y Tecnología,5,Laboratorio 5.00,EVALUACION CONTINUA 3,1,14,15
93,2019 - 1,GH1002,Arte y Tecnología,5,Laboratorio 5.00,PROYECTO FINAL,1,14,15
210,2019 - 1,GH1002,Arte y Tecnología,5,Laboratorio 5.00,EVALUACION CONTINUA 1,1,20,18
210,2019 - 1,GH1002,Arte y Tecnología,5,Laboratorio 5.00,EVALUACION CONTINUA 2,1,17,18
210,2019 - 1,GH1002,Arte y Tecnología,5,Laboratorio 5.00,EVALUACION CONTINUA 3,1,17,18
210,2019 - 1,GH1002,Arte y Tecnología,5,Laboratorio 5.00,PROYECTO FINAL,1,17,18
196,2019 - 1,GH1002,Arte y Tecnología,5,Laboratorio 5.00,EVALUACION CONTINUA 1,1,20,19
196,2019 - 1,GH1002,Arte y Tecnología,5,Laboratorio 5.00,EVALUACION CONTINUA 2,1,20,19
196,2019 - 1,GH1002,Arte y Tecnología,5,Laboratorio 5.00,EVALUACION CONTINUA 3,1,18,19
196,2019 - 1,GH1002,Arte y Tecnología,5,Laboratorio 5.00,PROYECTO FINAL,1,18,19
49,2019 - 1,GH1002,Arte y Tecnología,5,Laboratorio 5.00,EVALUACION CONTINUA 1,1,5,2
49,2019 - 1,GH1002,Arte y Tecnología,5,Laboratorio 5.00,EVALUACION CONTINUA 2,1,0,2
49,2019 - 1,GH1002,Arte y Tecnología,5,Laboratorio 5.00,EVALUACION CONTINUA 3,1,NP,2
49,2019 - 1,GH1002,Arte y Tecnología,5,Laboratorio 5.00,PROYECTO FINAL,1,NP,2
36,2019 - 1,GH1002,Arte y Tecnología,5,Laboratorio 5.00,EVALUACION CONTINUA 1,1,18,14
36,2019 - 1,GH1002,Arte y Tecnología,5,Laboratorio 5.00,EVALUACION CONTINUA 2,1,13,14
36,2019 - 1,GH1002,Arte y Tecnología,5,Laboratorio 5.00,EVALUACION CONTINUA 3,1,15,14
36,2019 - 1,GH1002,Arte y Tecnología,5,Laboratorio 5.00,PROYECTO FINAL,1,11,14
175,2019 - 1,GH1002,Arte y Tecnología,5,Laboratorio 5.00,EVALUACION CONTINUA 1,1,20,18
175,2019 - 1,GH1002,Arte y Tecnología,5,Laboratorio 5.00,EVALUACION CONTINUA 2,1,20,18
175,2019 - 1,GH1002,Arte y Tecnología,5,Laboratorio 5.00,EVALUACION CONTINUA 3,1,15,18
175,2019 - 1,GH1002,Arte y Tecnología,5,Laboratorio 5.00,PROYECTO FINAL,1,16,18
212,2019 - 1,GH1002,Arte y Tecnología,5,Laboratorio 5.00,EVALUACION CONTINUA 1,1,20,18
212,2019 - 1,GH1002,Arte y Tecnología,5,Laboratorio 5.00,EVALUACION CONTINUA 2,1,17,18
212,2019 - 1,GH1002,Arte y Tecnología,5,Laboratorio 5.00,EVALUACION CONTINUA 3,1,16,18
212,2019 - 1,GH1002,Arte y Tecnología,5,Laboratorio 5.00,PROYECTO FINAL,1,17,18
112,2019 - 1,GH1002,Arte y Tecnología,5,Laboratorio 5.00,EVALUACION CONTINUA 1,1,18,18
112,2019 - 1,GH1002,Arte y Tecnología,5,Laboratorio 5.00,EVALUACION CONTINUA 2,1,18,18
112,2019 - 1,GH1002,Arte y Tecnología,5,Laboratorio 5.00,EVALUACION CONTINUA 3,1,19,18
112,2019 - 1,GH1002,Arte y Tecnología,5,Laboratorio 5.00,PROYECTO FINAL,1,18,18
129,2019 - 1,GH1002,Arte y Tecnología,5,Laboratorio 5.00,EVALUACION CONTINUA 1,1,18,17
129,2019 - 1,GH1002,Arte y Tecnología,5,Laboratorio 5.00,EVALUACION CONTINUA 2,1,17,17
129,2019 - 1,GH1002,Arte y Tecnología,5,Laboratorio 5.00,EVALUACION CONTINUA 3,1,16,17
129,2019 - 1,GH1002,Arte y Tecnología,5,Laboratorio 5.00,PROYECTO FINAL,1,18,17
176,2019 - 1,GH1002,Arte y Tecnología,5,Laboratorio 5.00,EVALUACION CONTINUA 1,1,10,13
176,2019 - 1,GH1002,Arte y Tecnología,5,Laboratorio 5.00,EVALUACION CONTINUA 2,1,15,13
176,2019 - 1,GH1002,Arte y Tecnología,5,Laboratorio 5.00,EVALUACION CONTINUA 3,1,15,13
176,2019 - 1,GH1002,Arte y Tecnología,5,Laboratorio 5.00,PROYECTO FINAL,1,13,13
201,2019 - 1,GH1002,Arte y Tecnología,5,Laboratorio 5.00,EVALUACION CONTINUA 1,1,20,19
201,2019 - 1,GH1002,Arte y Tecnología,5,Laboratorio 5.00,EVALUACION CONTINUA 2,1,20,19
201,2019 - 1,GH1002,Arte y Tecnología,5,Laboratorio 5.00,EVALUACION CONTINUA 3,1,18,19
201,2019 - 1,GH1002,Arte y Tecnología,5,Laboratorio 5.00,PROYECTO FINAL,1,18,19
98,2019 - 1,GH1002,Arte y Tecnología,5,Laboratorio 5.00,EVALUACION CONTINUA 1,1,5,2
98,2019 - 1,GH1002,Arte y Tecnología,5,Laboratorio 5.00,EVALUACION CONTINUA 2,1,0,2
98,2019 - 1,GH1002,Arte y Tecnología,5,Laboratorio 5.00,EVALUACION CONTINUA 3,1,NP,2
98,2019 - 1,GH1002,Arte y Tecnología,5,Laboratorio 5.00,PROYECTO FINAL,1,NP,2
15,2019 - 1,GH1002,Arte y Tecnología,5,Laboratorio 5.00,EVALUACION CONTINUA 1,1,20,18
15,2019 - 1,GH1002,Arte y Tecnología,5,Laboratorio 5.00,EVALUACION CONTINUA 2,1,17,18
15,2019 - 1,GH1002,Arte y Tecnología,5,Laboratorio 5.00,EVALUACION CONTINUA 3,1,17,18
15,2019 - 1,GH1002,Arte y Tecnología,5,Laboratorio 5.00,PROYECTO FINAL,1,18,18
148,2019 - 1,GH1002,Arte y Tecnología,5,Laboratorio 5.00,EVALUACION CONTINUA 1,1,18,18
148,2019 - 1,GH1002,Arte y Tecnología,5,Laboratorio 5.00,EVALUACION CONTINUA 2,1,20,18
148,2019 - 1,GH1002,Arte y Tecnología,5,Laboratorio 5.00,EVALUACION CONTINUA 3,1,17,18
148,2019 - 1,GH1002,Arte y Tecnología,5,Laboratorio 5.00,PROYECTO FINAL,1,16,18
8,2019 - 1,GH1002,Arte y Tecnología,5,Laboratorio 5.00,EVALUACION CONTINUA 1,1,20,18
8,2019 - 1,GH1002,Arte y Tecnología,5,Laboratorio 5.00,EVALUACION CONTINUA 2,1,18,18
8,2019 - 1,GH1002,Arte y Tecnología,5,Laboratorio 5.00,EVALUACION CONTINUA 3,1,17,18
8,2019 - 1,GH1002,Arte y Tecnología,5,Laboratorio 5.00,PROYECTO FINAL,1,18,18
177,2019 - 1,GH1002,Arte y Tecnología,5,Laboratorio 5.00,EVALUACION CONTINUA 1,1,20,16
177,2019 - 1,GH1002,Arte y Tecnología,5,Laboratorio 5.00,EVALUACION CONTINUA 2,1,14,16
177,2019 - 1,GH1002,Arte y Tecnología,5,Laboratorio 5.00,EVALUACION CONTINUA 3,1,15,16
177,2019 - 1,GH1002,Arte y Tecnología,5,Laboratorio 5.00,PROYECTO FINAL,1,13,16
10,2019 - 1,GH1002,Arte y Tecnología,5,Laboratorio 5.00,EVALUACION CONTINUA 1,1,5,2
10,2019 - 1,GH1002,Arte y Tecnología,5,Laboratorio 5.00,EVALUACION CONTINUA 2,1,0,2
10,2019 - 1,GH1002,Arte y Tecnología,5,Laboratorio 5.00,EVALUACION CONTINUA 3,1,NP,2
10,2019 - 1,GH1002,Arte y Tecnología,5,Laboratorio 5.00,PROYECTO FINAL,1,NP,2
113,2019 - 1,GH1002,Arte y Tecnología,5,Laboratorio 5.00,EVALUACION CONTINUA 1,1,15,16
113,2019 - 1,GH1002,Arte y Tecnología,5,Laboratorio 5.00,EVALUACION CONTINUA 2,1,16,16
113,2019 - 1,GH1002,Arte y Tecnología,5,Laboratorio 5.00,EVALUACION CONTINUA 3,1,17,16
113,2019 - 1,GH1002,Arte y Tecnología,5,Laboratorio 5.00,PROYECTO FINAL,1,15,16
122,2019 - 1,GH1002,Arte y Tecnología,5,Laboratorio 5.00,EVALUACION CONTINUA 1,1,5,12
122,2019 - 1,GH1002,Arte y Tecnología,5,Laboratorio 5.00,EVALUACION CONTINUA 2,1,15,12
122,2019 - 1,GH1002,Arte y Tecnología,5,Laboratorio 5.00,EVALUACION CONTINUA 3,1,15,12
122,2019 - 1,GH1002,Arte y Tecnología,5,Laboratorio 5.00,PROYECTO FINAL,1,15,12
27,2019 - 1,GH1002,Arte y Tecnología,5,Laboratorio 5.00,EVALUACION CONTINUA 1,1,20,17
27,2019 - 1,GH1002,Arte y Tecnología,5,Laboratorio 5.00,EVALUACION CONTINUA 2,1,15,17
27,2019 - 1,GH1002,Arte y Tecnología,5,Laboratorio 5.00,EVALUACION CONTINUA 3,1,15,17
27,2019 - 1,GH1002,Arte y Tecnología,5,Laboratorio 5.00,PROYECTO FINAL,1,15,17
124,2019 - 1,GH1002,Arte y Tecnología,5,Laboratorio 5.00,EVALUACION CONTINUA 1,1,NP,0
124,2019 - 1,GH1002,Arte y Tecnología,5,Laboratorio 5.00,EVALUACION CONTINUA 2,1,0,0
124,2019 - 1,GH1002,Arte y Tecnología,5,Laboratorio 5.00,EVALUACION CONTINUA 3,1,NP,0
124,2019 - 1,GH1002,Arte y Tecnología,5,Laboratorio 5.00,PROYECTO FINAL,1,NP,0
193,2019 - 1,GH1002,Arte y Tecnología,5,Laboratorio 5.00,EVALUACION CONTINUA 1,1,20,14
193,2019 - 1,GH1002,Arte y Tecnología,5,Laboratorio 5.00,EVALUACION CONTINUA 2,1,12,14
193,2019 - 1,GH1002,Arte y Tecnología,5,Laboratorio 5.00,EVALUACION CONTINUA 3,1,12,14
193,2019 - 1,GH1002,Arte y Tecnología,5,Laboratorio 5.00,PROYECTO FINAL,1,12,14
34,2019 - 1,GH1002,Arte y Tecnología,5,Laboratorio 5.00,EVALUACION CONTINUA 1,1,20,16
34,2019 - 1,GH1002,Arte y Tecnología,5,Laboratorio 5.00,EVALUACION CONTINUA 2,1,14,16
34,2019 - 1,GH1002,Arte y Tecnología,5,Laboratorio 5.00,EVALUACION CONTINUA 3,1,15,16
34,2019 - 1,GH1002,Arte y Tecnología,5,Laboratorio 5.00,PROYECTO FINAL,1,13,16
154,2019 - 1,GH1002,Arte y Tecnología,5,Laboratorio 5.00,EVALUACION CONTINUA 1,1,15,15
154,2019 - 1,GH1002,Arte y Tecnología,5,Laboratorio 5.00,EVALUACION CONTINUA 2,1,20,15
154,2019 - 1,GH1002,Arte y Tecnología,5,Laboratorio 5.00,EVALUACION CONTINUA 3,1,15,15
154,2019 - 1,GH1002,Arte y Tecnología,5,Laboratorio 5.00,PROYECTO FINAL,1,12,15
215,2019 - 1,GH1002,Arte y Tecnología,5,Laboratorio 5.00,EVALUACION CONTINUA 1,1,10,13
215,2019 - 1,GH1002,Arte y Tecnología,5,Laboratorio 5.00,EVALUACION CONTINUA 2,1,20,13
215,2019 - 1,GH1002,Arte y Tecnología,5,Laboratorio 5.00,EVALUACION CONTINUA 3,1,11,13
215,2019 - 1,GH1002,Arte y Tecnología,5,Laboratorio 5.00,PROYECTO FINAL,1,11,13
77,2019 - 1,GH1002,Arte y Tecnología,5,Laboratorio 5.00,EVALUACION CONTINUA 1,1,18,11
77,2019 - 1,GH1002,Arte y Tecnología,5,Laboratorio 5.00,EVALUACION CONTINUA 2,1,13,11
77,2019 - 1,GH1002,Arte y Tecnología,5,Laboratorio 5.00,EVALUACION CONTINUA 3,1,13,11
77,2019 - 1,GH1002,Arte y Tecnología,5,Laboratorio 5.00,PROYECTO FINAL,1,NP,11
114,2019 - 1,GH1002,Arte y Tecnología,5,Laboratorio 5.00,EVALUACION CONTINUA 1,1,18,17
114,2019 - 1,GH1002,Arte y Tecnología,5,Laboratorio 5.00,EVALUACION CONTINUA 2,1,20,17
114,2019 - 1,GH1002,Arte y Tecnología,5,Laboratorio 5.00,EVALUACION CONTINUA 3,1,16,17
114,2019 - 1,GH1002,Arte y Tecnología,5,Laboratorio 5.00,PROYECTO FINAL,1,16,17
108,2019 - 1,GH1002,Arte y Tecnología,5,Laboratorio 5.00,EVALUACION CONTINUA 1,1,10,13
108,2019 - 1,GH1002,Arte y Tecnología,5,Laboratorio 5.00,EVALUACION CONTINUA 2,1,14,13
108,2019 - 1,GH1002,Arte y Tecnología,5,Laboratorio 5.00,EVALUACION CONTINUA 3,1,15,13
108,2019 - 1,GH1002,Arte y Tecnología,5,Laboratorio 5.00,PROYECTO FINAL,1,13,13
70,2019 - 1,GH1002,Arte y Tecnología,6,Laboratorio 6.00,EVALUACION CONTINUA 1,1,0,0
70,2019 - 1,GH1002,Arte y Tecnología,6,Laboratorio 6.00,EVALUACION CONTINUA 2,1,NP,0
70,2019 - 1,GH1002,Arte y Tecnología,6,Laboratorio 6.00,EVALUACION CONTINUA 3,1,NP,0
70,2019 - 1,GH1002,Arte y Tecnología,6,Laboratorio 6.00,PROYECTO FINAL,1,NP,0
18,2019 - 1,GH1002,Arte y Tecnología,6,Laboratorio 6.00,EVALUACION CONTINUA 1,1,18,15
18,2019 - 1,GH1002,Arte y Tecnología,6,Laboratorio 6.00,EVALUACION CONTINUA 2,1,19,15
18,2019 - 1,GH1002,Arte y Tecnología,6,Laboratorio 6.00,EVALUACION CONTINUA 3,1,12,15
18,2019 - 1,GH1002,Arte y Tecnología,6,Laboratorio 6.00,PROYECTO FINAL,1,12,15
62,2019 - 1,GH1002,Arte y Tecnología,6,Laboratorio 6.00,EVALUACION CONTINUA 1,1,14,17
62,2019 - 1,GH1002,Arte y Tecnología,6,Laboratorio 6.00,EVALUACION CONTINUA 2,1,14,17
62,2019 - 1,GH1002,Arte y Tecnología,6,Laboratorio 6.00,EVALUACION CONTINUA 3,1,20,17
62,2019 - 1,GH1002,Arte y Tecnología,6,Laboratorio 6.00,PROYECTO FINAL,1,20,17
205,2019 - 1,GH1002,Arte y Tecnología,6,Laboratorio 6.00,EVALUACION CONTINUA 1,1,15,8
205,2019 - 1,GH1002,Arte y Tecnología,6,Laboratorio 6.00,EVALUACION CONTINUA 2,1,15,8
205,2019 - 1,GH1002,Arte y Tecnología,6,Laboratorio 6.00,EVALUACION CONTINUA 3,1,NP,8
205,2019 - 1,GH1002,Arte y Tecnología,6,Laboratorio 6.00,PROYECTO FINAL,1,NP,8
44,2019 - 1,GH1002,Arte y Tecnología,6,Laboratorio 6.00,EVALUACION CONTINUA 1,1,13,11
44,2019 - 1,GH1002,Arte y Tecnología,6,Laboratorio 6.00,EVALUACION CONTINUA 2,1,14,11
44,2019 - 1,GH1002,Arte y Tecnología,6,Laboratorio 6.00,EVALUACION CONTINUA 3,1,9,11
44,2019 - 1,GH1002,Arte y Tecnología,6,Laboratorio 6.00,PROYECTO FINAL,1,9,11
140,2019 - 1,GH1002,Arte y Tecnología,6,Laboratorio 6.00,EVALUACION CONTINUA 1,1,12,16
140,2019 - 1,GH1002,Arte y Tecnología,6,Laboratorio 6.00,EVALUACION CONTINUA 2,1,12,16
140,2019 - 1,GH1002,Arte y Tecnología,6,Laboratorio 6.00,EVALUACION CONTINUA 3,1,20,16
140,2019 - 1,GH1002,Arte y Tecnología,6,Laboratorio 6.00,PROYECTO FINAL,1,20,16
224,2019 - 1,GH1002,Arte y Tecnología,6,Laboratorio 6.00,EVALUACION CONTINUA 1,1,15,18
224,2019 - 1,GH1002,Arte y Tecnología,6,Laboratorio 6.00,EVALUACION CONTINUA 2,1,17,18
224,2019 - 1,GH1002,Arte y Tecnología,6,Laboratorio 6.00,EVALUACION CONTINUA 3,1,20,18
224,2019 - 1,GH1002,Arte y Tecnología,6,Laboratorio 6.00,PROYECTO FINAL,1,20,18
146,2019 - 1,GH1002,Arte y Tecnología,6,Laboratorio 6.00,EVALUACION CONTINUA 1,1,8,2
146,2019 - 1,GH1002,Arte y Tecnología,6,Laboratorio 6.00,EVALUACION CONTINUA 2,1,NP,2
146,2019 - 1,GH1002,Arte y Tecnología,6,Laboratorio 6.00,EVALUACION CONTINUA 3,1,NP,2
146,2019 - 1,GH1002,Arte y Tecnología,6,Laboratorio 6.00,PROYECTO FINAL,1,NP,2
94,2019 - 1,GH1002,Arte y Tecnología,6,Laboratorio 6.00,EVALUACION CONTINUA 1,1,19,19
94,2019 - 1,GH1002,Arte y Tecnología,6,Laboratorio 6.00,EVALUACION CONTINUA 2,1,20,19
94,2019 - 1,GH1002,Arte y Tecnología,6,Laboratorio 6.00,EVALUACION CONTINUA 3,1,18,19
94,2019 - 1,GH1002,Arte y Tecnología,6,Laboratorio 6.00,PROYECTO FINAL,1,18,19
25,2019 - 1,GH1002,Arte y Tecnología,6,Laboratorio 6.00,EVALUACION CONTINUA 1,1,8,10
25,2019 - 1,GH1002,Arte y Tecnología,6,Laboratorio 6.00,EVALUACION CONTINUA 2,1,10,10
25,2019 - 1,GH1002,Arte y Tecnología,6,Laboratorio 6.00,EVALUACION CONTINUA 3,1,12,10
25,2019 - 1,GH1002,Arte y Tecnología,6,Laboratorio 6.00,PROYECTO FINAL,1,12,10
130,2019 - 1,GH1002,Arte y Tecnología,6,Laboratorio 6.00,EVALUACION CONTINUA 1,1,11,15
130,2019 - 1,GH1002,Arte y Tecnología,6,Laboratorio 6.00,EVALUACION CONTINUA 2,1,12,15
130,2019 - 1,GH1002,Arte y Tecnología,6,Laboratorio 6.00,EVALUACION CONTINUA 3,1,18,15
130,2019 - 1,GH1002,Arte y Tecnología,6,Laboratorio 6.00,PROYECTO FINAL,1,18,15
54,2019 - 1,GH1002,Arte y Tecnología,6,Laboratorio 6.00,EVALUACION CONTINUA 1,1,0,0
54,2019 - 1,GH1002,Arte y Tecnología,6,Laboratorio 6.00,EVALUACION CONTINUA 2,1,NP,0
54,2019 - 1,GH1002,Arte y Tecnología,6,Laboratorio 6.00,EVALUACION CONTINUA 3,1,NP,0
54,2019 - 1,GH1002,Arte y Tecnología,6,Laboratorio 6.00,PROYECTO FINAL,1,NP,0
118,2019 - 1,GH1002,Arte y Tecnología,6,Laboratorio 6.00,EVALUACION CONTINUA 1,1,15,17
118,2019 - 1,GH1002,Arte y Tecnología,6,Laboratorio 6.00,EVALUACION CONTINUA 2,1,20,17
118,2019 - 1,GH1002,Arte y Tecnología,6,Laboratorio 6.00,EVALUACION CONTINUA 3,1,15,17
118,2019 - 1,GH1002,Arte y Tecnología,6,Laboratorio 6.00,PROYECTO FINAL,1,18,17
131,2019 - 1,GH1002,Arte y Tecnología,6,Laboratorio 6.00,EVALUACION CONTINUA 1,1,16,18
131,2019 - 1,GH1002,Arte y Tecnología,6,Laboratorio 6.00,EVALUACION CONTINUA 2,1,17,18
131,2019 - 1,GH1002,Arte y Tecnología,6,Laboratorio 6.00,EVALUACION CONTINUA 3,1,20,18
131,2019 - 1,GH1002,Arte y Tecnología,6,Laboratorio 6.00,PROYECTO FINAL,1,20,18
38,2019 - 1,GH1002,Arte y Tecnología,6,Laboratorio 6.00,EVALUACION CONTINUA 1,1,12,14
38,2019 - 1,GH1002,Arte y Tecnología,6,Laboratorio 6.00,EVALUACION CONTINUA 2,1,12,14
38,2019 - 1,GH1002,Arte y Tecnología,6,Laboratorio 6.00,EVALUACION CONTINUA 3,1,16,14
38,2019 - 1,GH1002,Arte y Tecnología,6,Laboratorio 6.00,PROYECTO FINAL,1,16,14
4,2019 - 1,GH1002,Arte y Tecnología,6,Laboratorio 6.00,EVALUACION CONTINUA 1,1,16,15
4,2019 - 1,GH1002,Arte y Tecnología,6,Laboratorio 6.00,EVALUACION CONTINUA 2,1,14,15
4,2019 - 1,GH1002,Arte y Tecnología,6,Laboratorio 6.00,EVALUACION CONTINUA 3,1,14,15
4,2019 - 1,GH1002,Arte y Tecnología,6,Laboratorio 6.00,PROYECTO FINAL,1,14,15
102,2019 - 1,GH1002,Arte y Tecnología,6,Laboratorio 6.00,EVALUACION CONTINUA 1,1,15,15
102,2019 - 1,GH1002,Arte y Tecnología,6,Laboratorio 6.00,EVALUACION CONTINUA 2,1,13,15
102,2019 - 1,GH1002,Arte y Tecnología,6,Laboratorio 6.00,EVALUACION CONTINUA 3,1,15,15
102,2019 - 1,GH1002,Arte y Tecnología,6,Laboratorio 6.00,PROYECTO FINAL,1,15,15
178,2019 - 1,GH1002,Arte y Tecnología,6,Laboratorio 6.00,EVALUACION CONTINUA 1,1,8,2
178,2019 - 1,GH1002,Arte y Tecnología,6,Laboratorio 6.00,EVALUACION CONTINUA 2,1,NP,2
178,2019 - 1,GH1002,Arte y Tecnología,6,Laboratorio 6.00,EVALUACION CONTINUA 3,1,NP,2
178,2019 - 1,GH1002,Arte y Tecnología,6,Laboratorio 6.00,PROYECTO FINAL,1,NP,2
67,2019 - 1,GH1002,Arte y Tecnología,6,Laboratorio 6.00,EVALUACION CONTINUA 1,1,6,4
67,2019 - 1,GH1002,Arte y Tecnología,6,Laboratorio 6.00,EVALUACION CONTINUA 2,1,13,4
67,2019 - 1,GH1002,Arte y Tecnología,6,Laboratorio 6.00,EVALUACION CONTINUA 3,1,NP,4
67,2019 - 1,GH1002,Arte y Tecnología,6,Laboratorio 6.00,PROYECTO FINAL,1,NP,4
105,2019 - 1,GH1002,Arte y Tecnología,6,Laboratorio 6.00,EVALUACION CONTINUA 1,1,19,20
105,2019 - 1,GH1002,Arte y Tecnología,6,Laboratorio 6.00,EVALUACION CONTINUA 2,1,20,20
105,2019 - 1,GH1002,Arte y Tecnología,6,Laboratorio 6.00,EVALUACION CONTINUA 3,1,20,20
105,2019 - 1,GH1002,Arte y Tecnología,6,Laboratorio 6.00,PROYECTO FINAL,1,20,20
109,2019 - 1,GH1002,Arte y Tecnología,6,Laboratorio 6.00,EVALUACION CONTINUA 1,1,12,15
109,2019 - 1,GH1002,Arte y Tecnología,6,Laboratorio 6.00,EVALUACION CONTINUA 2,1,8,15
109,2019 - 1,GH1002,Arte y Tecnología,6,Laboratorio 6.00,EVALUACION CONTINUA 3,1,20,15
109,2019 - 1,GH1002,Arte y Tecnología,6,Laboratorio 6.00,PROYECTO FINAL,1,20,15
47,2019 - 1,GH1002,Arte y Tecnología,6,Laboratorio 6.00,EVALUACION CONTINUA 1,1,12,14
47,2019 - 1,GH1002,Arte y Tecnología,6,Laboratorio 6.00,EVALUACION CONTINUA 2,1,12,14
47,2019 - 1,GH1002,Arte y Tecnología,6,Laboratorio 6.00,EVALUACION CONTINUA 3,1,16,14
47,2019 - 1,GH1002,Arte y Tecnología,6,Laboratorio 6.00,PROYECTO FINAL,1,16,14
194,2019 - 1,GH1002,Arte y Tecnología,6,Laboratorio 6.00,EVALUACION CONTINUA 1,1,14,4
194,2019 - 1,GH1002,Arte y Tecnología,6,Laboratorio 6.00,EVALUACION CONTINUA 2,1,NP,4
194,2019 - 1,GH1002,Arte y Tecnología,6,Laboratorio 6.00,EVALUACION CONTINUA 3,1,NP,4
194,2019 - 1,GH1002,Arte y Tecnología,6,Laboratorio 6.00,PROYECTO FINAL,1,NP,4
179,2019 - 1,GH1002,Arte y Tecnología,6,Laboratorio 6.00,EVALUACION CONTINUA 1,1,15,17
179,2019 - 1,GH1002,Arte y Tecnología,6,Laboratorio 6.00,EVALUACION CONTINUA 2,1,14,17
179,2019 - 1,GH1002,Arte y Tecnología,6,Laboratorio 6.00,EVALUACION CONTINUA 3,1,20,17
179,2019 - 1,GH1002,Arte y Tecnología,6,Laboratorio 6.00,PROYECTO FINAL,1,20,17
2,2019 - 1,GH1002,Arte y Tecnología,6,Laboratorio 6.00,EVALUACION CONTINUA 1,1,15,16
2,2019 - 1,GH1002,Arte y Tecnología,6,Laboratorio 6.00,EVALUACION CONTINUA 2,1,14,16
2,2019 - 1,GH1002,Arte y Tecnología,6,Laboratorio 6.00,EVALUACION CONTINUA 3,1,18,16
2,2019 - 1,GH1002,Arte y Tecnología,6,Laboratorio 6.00,PROYECTO FINAL,1,18,16
181,2019 - 1,GH1002,Arte y Tecnología,6,Laboratorio 6.00,EVALUACION CONTINUA 1,1,19,18
181,2019 - 1,GH1002,Arte y Tecnología,6,Laboratorio 6.00,EVALUACION CONTINUA 2,1,19,18
181,2019 - 1,GH1002,Arte y Tecnología,6,Laboratorio 6.00,EVALUACION CONTINUA 3,1,17,18
181,2019 - 1,GH1002,Arte y Tecnología,6,Laboratorio 6.00,PROYECTO FINAL,1,17,18
188,2019 - 1,GH1002,Arte y Tecnología,6,Laboratorio 6.00,EVALUACION CONTINUA 1,1,15,16
188,2019 - 1,GH1002,Arte y Tecnología,6,Laboratorio 6.00,EVALUACION CONTINUA 2,1,14,16
188,2019 - 1,GH1002,Arte y Tecnología,6,Laboratorio 6.00,EVALUACION CONTINUA 3,1,17,16
188,2019 - 1,GH1002,Arte y Tecnología,6,Laboratorio 6.00,PROYECTO FINAL,1,17,16
158,2019 - 1,GH1002,Arte y Tecnología,6,Laboratorio 6.00,EVALUACION CONTINUA 1,1,4,1
158,2019 - 1,GH1002,Arte y Tecnología,6,Laboratorio 6.00,EVALUACION CONTINUA 2,1,NP,1
158,2019 - 1,GH1002,Arte y Tecnología,6,Laboratorio 6.00,EVALUACION CONTINUA 3,1,NP,1
158,2019 - 1,GH1002,Arte y Tecnología,6,Laboratorio 6.00,PROYECTO FINAL,1,NP,1
